Period,Scenario,AAD,RP_10,RP_25,RP_50,RP_100,RP_250,iso3
hist,ERA-5,16273.151866621523,19054.176122878103,119332.0818354532,267876.0077041013,419899.0379442956,581160.5229104554,USA
2050,ssp245,67884.25757722653,151593.21717870416,311401.0259638827,423957.51646579296,651862.9432770975,1012480.241670442,USA
2100,ssp245,89288.1605361369,229013.48198223973,323870.4540859044,514848.4772709824,834644.8224535459,1306651.6008861037,USA
2050,ssp370,64649.7915707583,179097.49755133188,281899.1959975984,406986.5223406632,539448.4056594614,821568.7306822083,USA
2100,ssp370,134031.3032269666,236697.2471858392,313213.22411534056,675224.8779736995,1137051.5515125613,1673181.3615603368,USA
2050,ssp585,72849.89187216495,204305.56677546096,261376.86700274312,401406.08161546726,575411.5868126133,912125.9336148344,USA
2100,ssp585,157990.616595826,303933.8064689886,423301.11391752766,857960.6037731485,1813023.351080707,3446310.065054716,USA
hist,ERA-5,0.0,0.0,0.0,0.0,0.0,0.0,MDV
2050,ssp245,0.1321745921091147,0.0,0.0,0.0,0.0,0.0,MDV
2100,ssp245,0.8618665434178111,0.0,0.0,0.0,0.0,0.0,MDV
2050,ssp370,0.2530526423031946,0.0,0.0,0.0,0.0,0.0,MDV
2100,ssp370,0.0,0.0,0.0,0.0,0.0,0.0,MDV
2050,ssp585,0.0,0.0,0.0,0.0,0.0,0.0,MDV
2100,ssp585,1.2485656341895088,0.0,0.0,0.0,0.0,0.0,MDV
hist,ERA-5,0.0,0.0,0.0,0.0,0.0,0.0,SYC
2050,ssp245,0.0,0.0,0.0,0.0,0.0,0.0,SYC
2100,ssp245,0.0,0.0,0.0,0.0,0.0,0.0,SYC
2050,ssp370,0.0,0.0,0.0,0.0,0.0,0.0,SYC
2100,ssp370,0.0,0.0,0.0,0.0,0.0,0.0,SYC
2050,ssp585,0.0,0.0,0.0,0.0,0.0,0.0,SYC
2100,ssp585,0.0,0.0,0.0,0.0,0.0,0.0,SYC
hist,ERA-5,0.0767980208591071,0.0,0.0,0.0,0.0,0.0,KHM
2050,ssp245,376.8394355585639,0.0,0.0,0.0,0.0,0.0,KHM
2100,ssp245,51.23521065066086,0.0,0.0,0.0,0.0,73197.16767952367,KHM
2050,ssp370,0.0767980208591071,0.0,0.0,0.0,0.0,0.0,KHM
2100,ssp370,0.353642513176473,0.0,0.0,0.0,0.0,0.0,KHM
2050,ssp585,288.0170620182738,0.0,0.0,0.0,0.0,28404.17486661621,KHM
2100,ssp585,867.93289729612,0.0,0.0,0.0,0.0,0.0,KHM
hist,ERA-5,757.9753214201373,0.0,0.0,0.0,0.0,0.0,CHN
2050,ssp245,1025.9001049981118,0.0,0.0,0.0,0.0,98829.49331225827,CHN
2100,ssp245,6079.473585100396,0.0,0.0,14742.24066414008,125679.82815158532,636530.5804842,CHN
2050,ssp370,1755.814159918706,0.0,0.0,7577.9469505784145,45872.36148529062,120743.49273783014,CHN
2100,ssp370,9776.062177334172,0.0,643.6140952756277,146139.19363585208,433265.77578229125,601737.7905936,CHN
2050,ssp585,2366.3704616466584,0.0,0.0,109.44743211935128,72326.73316806463,202680.1084087468,CHN
2100,ssp585,15079.881293506076,0.0,21443.76510743592,193895.33137099625,318172.6622932655,1524393.4526982796,CHN
hist,ERA-5,0.0,0.0,0.0,0.0,0.0,0.0,GMB
2050,ssp245,0.0,0.0,0.0,0.0,0.0,0.0,GMB
2100,ssp245,0.0,0.0,0.0,0.0,0.0,0.0,GMB
2050,ssp370,0.0,0.0,0.0,0.0,0.0,0.0,GMB
2100,ssp370,0.0,0.0,0.0,0.0,0.0,0.0,GMB
2050,ssp585,0.0,0.0,0.0,0.0,0.0,0.0,GMB
2100,ssp585,0.0,0.0,0.0,0.0,0.0,0.0,GMB
hist,ERA-5,0.0,0.0,0.0,0.0,0.0,0.0,BRA
2050,ssp245,0.0,0.0,0.0,0.0,0.0,0.0,BRA
2100,ssp245,0.0,0.0,0.0,0.0,0.0,0.0,BRA
2050,ssp370,0.0,0.0,0.0,0.0,0.0,0.0,BRA
2100,ssp370,0.0,0.0,0.0,0.0,0.0,0.0,BRA
2050,ssp585,0.0,0.0,0.0,0.0,0.0,0.0,BRA
2100,ssp585,0.0,0.0,0.0,0.0,0.0,0.0,BRA
hist,ERA-5,0.0,0.0,0.0,0.0,0.0,0.0,KNA
2050,ssp245,0.0,0.0,0.0,0.0,0.0,0.0,KNA
2100,ssp245,0.0,0.0,0.0,0.0,0.0,0.0,KNA
2050,ssp370,0.0,0.0,0.0,0.0,0.0,0.0,KNA
2100,ssp370,0.0,0.0,0.0,0.0,0.0,0.0,KNA
2050,ssp585,0.0,0.0,0.0,0.0,0.0,0.0,KNA
2100,ssp585,0.0,0.0,0.0,0.0,0.0,0.0,KNA
hist,ERA-5,0.7676552776526608,0.0,0.0,0.0,0.0,0.0,PLW
2050,ssp245,11.834601714749606,0.0,0.0,0.0,0.0,-107.0866924654528,PLW
2100,ssp245,1.6525993717543197,0.0,0.0,0.0,0.0,0.0,PLW
2050,ssp370,0.7676552776526608,0.0,0.0,0.0,0.0,0.0,PLW
2100,ssp370,44.27227604439485,0.0,0.0,0.0,0.0,6190.31281496146,PLW
2050,ssp585,0.7676552776526608,0.0,0.0,0.0,0.0,1740.0289861453252,PLW
2100,ssp585,27.34467320002634,0.0,0.0,0.0,56.78748797063146,3096.390199392068,PLW
hist,ERA-5,0.0,0.0,0.0,0.0,0.0,0.0,SSD
2050,ssp245,0.0,0.0,0.0,0.0,0.0,0.0,SSD
2100,ssp245,0.0,0.0,0.0,0.0,0.0,0.0,SSD
2050,ssp370,0.0,0.0,0.0,0.0,0.0,0.0,SSD
2100,ssp370,0.0,0.0,0.0,0.0,0.0,0.0,SSD
2050,ssp585,0.0,0.0,0.0,0.0,0.0,0.0,SSD
2100,ssp585,0.0,0.0,0.0,0.0,0.0,0.0,SSD
hist,ERA-5,0.0,0.0,0.0,0.0,0.0,0.0,MAR
2050,ssp245,0.0,0.0,0.0,0.0,0.0,0.0,MAR
2100,ssp245,0.0,0.0,0.0,0.0,0.0,0.0,MAR
2050,ssp370,0.0,0.0,0.0,0.0,0.0,0.0,MAR
2100,ssp370,0.0,0.0,0.0,0.0,0.0,0.0,MAR
2050,ssp585,0.0,0.0,0.0,0.0,0.0,0.0,MAR
2100,ssp585,0.0,0.0,0.0,0.0,0.0,0.0,MAR
hist,ERA-5,0.0,0.0,0.0,0.0,0.0,0.0,OMN
2050,ssp245,0.0,0.0,0.0,0.0,0.0,0.0,OMN
2100,ssp245,0.0,0.0,0.0,0.0,0.0,0.0,OMN
2050,ssp370,0.0,0.0,0.0,0.0,0.0,0.0,OMN
2100,ssp370,0.3373168267787332,0.0,0.0,0.0,0.0,0.0,OMN
2050,ssp585,0.0,0.0,0.0,0.0,0.0,0.0,OMN
2100,ssp585,8.279522001615044,0.0,0.0,0.0,0.0,0.0,OMN
hist,ERA-5,0.0,0.0,0.0,0.0,0.0,0.0,AGO
2050,ssp245,0.0,0.0,0.0,0.0,0.0,0.0,AGO
2100,ssp245,0.0,0.0,0.0,0.0,0.0,0.0,AGO
2050,ssp370,0.0,0.0,0.0,0.0,0.0,0.0,AGO
2100,ssp370,0.0,0.0,0.0,0.0,0.0,0.0,AGO
2050,ssp585,0.0,0.0,0.0,0.0,0.0,0.0,AGO
2100,ssp585,0.0,0.0,0.0,0.0,0.0,0.0,AGO
hist,ERA-5,0.1967637760720084,0.0,0.0,0.0,0.0,0.0,MAF
2050,ssp245,0.1967637760720084,0.0,0.0,0.0,0.0,0.0,MAF
2100,ssp245,0.1967637760720084,0.0,0.0,0.0,0.0,0.0,MAF
2050,ssp370,0.1967637760720084,0.0,0.0,0.0,0.0,0.0,MAF
2100,ssp370,0.1967637760720084,0.0,0.0,0.0,0.0,0.0,MAF
2050,ssp585,0.1967637760720084,0.0,0.0,0.0,0.0,0.0,MAF
2100,ssp585,0.1967637760720084,0.0,0.0,0.0,0.0,0.0,MAF
hist,ERA-5,0.0,0.0,0.0,0.0,0.0,0.0,ABW
2050,ssp245,0.0,0.0,0.0,0.0,0.0,0.0,ABW
2100,ssp245,0.0,0.0,0.0,0.0,0.0,0.0,ABW
2050,ssp370,0.0,0.0,0.0,0.0,0.0,0.0,ABW
2100,ssp370,0.0,0.0,0.0,0.0,0.0,0.0,ABW
2050,ssp585,0.0,0.0,0.0,0.0,0.0,0.0,ABW
2100,ssp585,0.0,0.0,0.0,0.0,0.0,0.0,ABW
hist,ERA-5,0.1626415060700964,0.0,0.0,0.0,0.0,0.0,TWN
2050,ssp245,1.5512529125970136,0.0,0.0,0.0,0.0,0.0,TWN
2100,ssp245,40.86576240669566,0.0,0.0,0.0,0.0,0.0,TWN
2050,ssp370,20.147246921274103,0.0,0.0,0.0,0.0,116.39406040860628,TWN
2100,ssp370,21.826718441579622,0.0,0.0,0.0,2.862400411748513,747.7449255126701,TWN
2050,ssp585,1.6386826689736416,0.0,0.0,0.0,0.0,0.0,TWN
2100,ssp585,0.8648734384185663,0.0,0.0,0.0,0.0,1.339997748956421,TWN
hist,ERA-5,115.01726866735451,0.0,0.0,0.0,0.0,1004.847408799708,VEN
2050,ssp245,118.29487858259868,0.0,0.0,0.0,0.0,1004.847408799708,VEN
2100,ssp245,129.85659511572246,0.0,0.0,0.0,0.0,1004.847408799708,VEN
2050,ssp370,140.55200263457058,0.0,0.0,0.0,0.0,1004.847408799708,VEN
2100,ssp370,115.1576779381171,0.0,0.0,0.0,0.0,1004.847408799708,VEN
2050,ssp585,177.93728037879595,0.0,0.0,0.0,0.0,6426.935158218743,VEN
2100,ssp585,147.55486051105015,0.0,0.0,0.0,0.0,1004.847408799708,VEN
hist,ERA-5,24087.37951613148,0.0,16159.311101889918,174983.77795256866,543783.9255965048,2338619.338863528,PHL
2050,ssp245,134013.3560706766,162509.32133594953,696161.3882074354,1799446.879044112,2767700.0758899744,3747704.816063297,PHL
2100,ssp245,156626.33629553515,196887.9135036988,1194966.1228167485,1254553.2401805436,2785413.359459204,5586070.846179495,PHL
2050,ssp370,190316.6767856961,183265.9377931879,814696.0234268222,2157271.4294936345,3808380.671812195,10642231.264095042,PHL
2100,ssp370,124474.86003058177,340886.8944710546,800530.061344045,965900.7916434532,2666620.10622619,5047020.691991974,PHL
2050,ssp585,198392.37165584168,249645.67207516177,1010671.3673122874,2581395.6120677115,4794893.2713851975,11549140.25448115,PHL
2100,ssp585,294695.80192620965,632089.4389062545,1278270.678922168,2481622.039691731,4804835.466117031,10229605.327250194,PHL
hist,ERA-5,0.0,0.0,0.0,0.0,0.0,0.0,WSM
2050,ssp245,0.0,0.0,0.0,0.0,0.0,0.0,WSM
2100,ssp245,0.0,0.0,0.0,0.0,0.0,0.0,WSM
2050,ssp370,0.0,0.0,0.0,0.0,0.0,0.0,WSM
2100,ssp370,0.0,0.0,0.0,0.0,0.0,0.0,WSM
2050,ssp585,0.0,0.0,0.0,0.0,0.0,0.0,WSM
2100,ssp585,0.0,0.0,0.0,0.0,0.0,0.0,WSM
hist,ERA-5,0.0,0.0,0.0,0.0,0.0,0.0,SPM
2050,ssp245,0.0,0.0,0.0,0.0,0.0,0.0,SPM
2100,ssp245,0.0,0.0,0.0,0.0,0.0,0.0,SPM
2050,ssp370,0.0,0.0,0.0,0.0,0.0,0.0,SPM
2100,ssp370,0.0,0.0,0.0,0.0,0.0,0.0,SPM
2050,ssp585,0.0,0.0,0.0,0.0,0.0,0.0,SPM
2100,ssp585,0.0,0.0,0.0,0.0,0.0,0.0,SPM
hist,ERA-5,0.0,0.0,0.0,0.0,0.0,0.0,FRO
2050,ssp245,0.0,0.0,0.0,0.0,0.0,0.0,FRO
2100,ssp245,0.0,0.0,0.0,0.0,0.0,0.0,FRO
2050,ssp370,0.0,0.0,0.0,0.0,0.0,0.0,FRO
2100,ssp370,0.0,0.0,0.0,0.0,0.0,0.0,FRO
2050,ssp585,0.0,0.0,0.0,0.0,0.0,0.0,FRO
2100,ssp585,0.0,0.0,0.0,0.0,0.0,0.0,FRO
hist,ERA-5,0.0087993810515869,0.0,0.0,0.0,0.0,0.0,CAN
2050,ssp245,25.25882590918804,0.0,0.0,0.0,208.30150633712552,939.3977844884296,CAN
2100,ssp245,27.50784268403937,0.0,0.0,0.0,5.185116377734743,3987.50666344472,CAN
2050,ssp370,45.79433567920729,0.0,0.0,0.0,0.0,4492.405496319948,CAN
2100,ssp370,2.1513748651649807,0.0,0.0,0.0,143.85831159782776,499.027749507402,CAN
2050,ssp585,21.68274106976827,0.0,0.0,0.0,29.927751712957576,2475.0296220286705,CAN
2100,ssp585,85.11956962261166,0.0,0.0,151.95621115280173,2472.3592648246604,9437.906616347062,CAN
hist,ERA-5,687.0896530831449,0.0,0.0,0.0,0.0,0.0,IND
2050,ssp245,12884.21094957257,0.0,0.0,0.0,1043.2575868612205,423734.40726474,IND
2100,ssp245,18154.826362214342,0.0,0.0,6.79589627608101,44483.152714436175,500933.1848707633,IND
2050,ssp370,2989.9890163374293,0.0,0.0,0.0,1.850263925063988,59357.183854339935,IND
2100,ssp370,16165.378939917133,0.0,0.0,0.0,157489.43747382605,1347970.6957515576,IND
2050,ssp585,4367.264107914789,0.0,0.0,0.0,749.959627245883,152879.80578895396,IND
2100,ssp585,46940.05419206857,0.0,0.0,8858.154270083494,348033.39385984914,3804434.2908922,IND
hist,ERA-5,0.0,0.0,0.0,0.0,0.0,0.0,SUR
2050,ssp245,0.0,0.0,0.0,0.0,0.0,0.0,SUR
2100,ssp245,0.0,0.0,0.0,0.0,0.0,0.0,SUR
2050,ssp370,0.0,0.0,0.0,0.0,0.0,0.0,SUR
2100,ssp370,0.0,0.0,0.0,0.0,0.0,0.0,SUR
2050,ssp585,0.0,0.0,0.0,0.0,0.0,0.0,SUR
2100,ssp585,0.0,0.0,0.0,0.0,0.0,0.0,SUR
hist,ERA-5,0.0,0.0,0.0,0.0,0.0,0.0,TCA
2050,ssp245,0.0,0.0,0.0,0.0,0.0,0.0,TCA
2100,ssp245,0.0,0.0,0.0,0.0,0.0,0.0,TCA
2050,ssp370,0.0,0.0,0.0,0.0,0.0,0.0,TCA
2100,ssp370,0.0,0.0,0.0,0.0,0.0,0.0,TCA
2050,ssp585,0.0,0.0,0.0,0.0,0.0,0.0,TCA
2100,ssp585,0.0,0.0,0.0,0.0,0.0,0.0,TCA
hist,ERA-5,0.0,0.0,0.0,0.0,0.0,0.0,ZWE
2050,ssp245,0.0,0.0,0.0,0.0,0.0,0.0,ZWE
2100,ssp245,0.0,0.0,0.0,0.0,0.0,0.0,ZWE
2050,ssp370,0.0,0.0,0.0,0.0,0.0,0.0,ZWE
2100,ssp370,0.0,0.0,0.0,0.0,0.0,0.0,ZWE
2050,ssp585,0.0,0.0,0.0,0.0,0.0,0.0,ZWE
2100,ssp585,0.0,0.0,0.0,0.0,0.0,0.0,ZWE
hist,ERA-5,6.619145304522565,0.0,0.0,0.0,0.0,510.2470795816524,AUS
2050,ssp245,-9.557066127636045,0.0,29.17653482492422,355.29513868157613,305.6720187647834,2372.002747470714,AUS
2100,ssp245,306.9890964840636,0.0,1047.0140018083453,1561.8505662975072,6698.344183626713,36045.38125323223,AUS
2050,ssp370,213.0988114121666,0.0,10.300538345774433,320.71321024081044,2904.7642780969754,8493.936098571841,AUS
2100,ssp370,338.6919288649059,1.1620662409569025,1289.3823823034454,2775.873161583372,8124.830184619891,17962.333799184576,AUS
2050,ssp585,14.60448783491582,0.0,273.5893010255021,670.8147697246606,1856.998205616258,8793.775926814194,AUS
2100,ssp585,348.49514911411643,17.75950231607295,1881.6175250351928,4297.452626509331,9093.889970603148,15655.391479572836,AUS
hist,ERA-5,0.0,0.0,0.0,0.0,0.0,0.0,JOR
2050,ssp245,0.0,0.0,0.0,0.0,0.0,0.0,JOR
2100,ssp245,0.0,0.0,0.0,0.0,0.0,0.0,JOR
2050,ssp370,0.0,0.0,0.0,0.0,0.0,0.0,JOR
2100,ssp370,0.0,0.0,0.0,0.0,0.0,0.0,JOR
2050,ssp585,0.0,0.0,0.0,0.0,0.0,0.0,JOR
2100,ssp585,0.0,0.0,0.0,0.0,0.0,0.0,JOR
hist,ERA-5,0.0,0.0,0.0,0.0,0.0,0.0,RWA
2050,ssp245,0.0,0.0,0.0,0.0,0.0,0.0,RWA
2100,ssp245,0.0,0.0,0.0,0.0,0.0,0.0,RWA
2050,ssp370,0.0,0.0,0.0,0.0,0.0,0.0,RWA
2100,ssp370,0.0,0.0,0.0,0.0,0.0,0.0,RWA
2050,ssp585,0.0,0.0,0.0,0.0,0.0,0.0,RWA
2100,ssp585,0.0,0.0,0.0,0.0,0.0,0.0,RWA
hist,ERA-5,0.0,0.0,0.0,0.0,0.0,0.0,ESP
2050,ssp245,0.0,0.0,0.0,0.0,0.0,0.0,ESP
2100,ssp245,0.0,0.0,0.0,0.0,0.0,0.0,ESP
2050,ssp370,0.0,0.0,0.0,0.0,0.0,0.0,ESP
2100,ssp370,0.0,0.0,0.0,0.0,0.0,0.0,ESP
2050,ssp585,0.0,0.0,0.0,0.0,0.0,0.0,ESP
2100,ssp585,0.0,0.0,0.0,0.0,0.0,0.0,ESP
hist,ERA-5,0.0,0.0,0.0,0.0,0.0,0.0,ASM
2050,ssp245,0.0,0.0,0.0,0.0,0.0,0.0,ASM
2100,ssp245,0.0,0.0,0.0,0.0,0.0,0.0,ASM
2050,ssp370,0.0,0.0,0.0,0.0,0.0,0.0,ASM
2100,ssp370,0.0,0.0,0.0,0.0,0.0,0.0,ASM
2050,ssp585,0.0,0.0,0.0,0.0,0.0,0.0,ASM
2100,ssp585,0.0,0.0,0.0,0.0,0.0,0.0,ASM
hist,ERA-5,0.0,0.0,0.0,0.0,0.0,0.0,PRT
2050,ssp245,0.0,0.0,0.0,0.0,0.0,0.0,PRT
2100,ssp245,0.0,0.0,0.0,0.0,0.0,0.0,PRT
2050,ssp370,0.0,0.0,0.0,0.0,0.0,0.0,PRT
2100,ssp370,0.0,0.0,0.0,0.0,0.0,0.0,PRT
2050,ssp585,0.0,0.0,0.0,0.0,0.0,0.0,PRT
2100,ssp585,0.0,0.0,0.0,0.0,0.0,0.0,PRT
hist,ERA-5,57.02202949135396,0.0,0.0,0.0,579.0506466031993,3202.3955971241103,MEX
2050,ssp245,424.6481701000426,0.0,0.0,853.0239093993167,2254.471405219738,14485.5664329648,MEX
2100,ssp245,566.6709020636213,0.0,0.0,677.5421564242006,3885.821971360863,12707.81221769185,MEX
2050,ssp370,337.95441790835974,0.0,401.9723762242916,4159.011785379754,8677.451692549956,29685.62593754621,MEX
2100,ssp370,237.78941597343885,0.0,7.807321945133786,1665.8153171482186,5247.834581629845,12890.75060355313,MEX
2050,ssp585,196.983593853128,0.0,514.0764041400414,2217.730797794664,4697.5455031505,14434.134868044228,MEX
2100,ssp585,692.074540914981,0.0,1121.5125577520466,1541.0744145455624,6059.753017539487,33715.80949683231,MEX
hist,ERA-5,0.0,0.0,0.0,0.0,0.0,0.0,CUW
2050,ssp245,0.0,0.0,0.0,0.0,0.0,0.0,CUW
2100,ssp245,0.0,0.0,0.0,0.0,0.0,0.0,CUW
2050,ssp370,0.0,0.0,0.0,0.0,0.0,0.0,CUW
2100,ssp370,0.0,0.0,0.0,0.0,0.0,0.0,CUW
2050,ssp585,0.0,0.0,0.0,0.0,0.0,0.0,CUW
2100,ssp585,0.0,0.0,0.0,0.0,0.0,0.0,CUW
hist,ERA-5,0.0,0.0,0.0,0.0,0.0,0.0,ISR
2050,ssp245,0.0,0.0,0.0,0.0,0.0,0.0,ISR
2100,ssp245,0.0,0.0,0.0,0.0,0.0,0.0,ISR
2050,ssp370,0.0,0.0,0.0,0.0,0.0,0.0,ISR
2100,ssp370,0.0,0.0,0.0,0.0,0.0,0.0,ISR
2050,ssp585,0.0,0.0,0.0,0.0,0.0,0.0,ISR
2100,ssp585,0.0,0.0,0.0,0.0,0.0,0.0,ISR
hist,ERA-5,0.0,0.0,0.0,0.0,0.0,0.0,QAT
2050,ssp245,0.0,0.0,0.0,0.0,0.0,0.0,QAT
2100,ssp245,0.0,0.0,0.0,0.0,0.0,0.0,QAT
2050,ssp370,0.0,0.0,0.0,0.0,0.0,0.0,QAT
2100,ssp370,0.0,0.0,0.0,0.0,0.0,0.0,QAT
2050,ssp585,0.0,0.0,0.0,0.0,0.0,0.0,QAT
2100,ssp585,0.0,0.0,0.0,0.0,0.0,0.0,QAT
hist,ERA-5,137.85201432077093,0.0,0.0,0.0,0.0,599.5014195499859,CUB
2050,ssp245,131.5176113071926,0.0,0.0,0.0,0.0,599.5014195499859,CUB
2100,ssp245,140.831391567529,0.0,0.0,0.0,0.0,599.5014195499859,CUB
2050,ssp370,137.85201432077093,0.0,0.0,0.0,2.604313065619571,5015.259728325612,CUB
2100,ssp370,146.4092711982564,0.0,0.0,0.0,0.0,1219.138858016445,CUB
2050,ssp585,130.77990314504797,0.0,0.0,0.0,0.0,640.326405022259,CUB
2100,ssp585,137.85201432077093,0.0,0.0,0.0,0.0,599.5014195499859,CUB
hist,ERA-5,32.09471356175077,0.0,0.0,0.0,0.0,0.0,MYS
2050,ssp245,541.482850488172,0.0,0.0,5.73839824137811,13790.408061660011,201239.35458708592,MYS
2100,ssp245,9779.625448804652,0.0,0.0,19692.75445770279,559658.0825741175,900733.4279761806,MYS
2050,ssp370,2808.257734018085,0.0,0.0,508.0164940922823,4012.239872214541,317472.2662774468,MYS
2100,ssp370,9988.954798572724,0.0,0.0,85022.70872879331,645763.2538536582,701720.2217952551,MYS
2050,ssp585,2066.1272341238014,0.0,0.0,3399.378146779979,23775.391682097805,305379.3183425095,MYS
2100,ssp585,6753.082028865945,0.0,0.0,16169.053966706204,255781.59228977625,721431.3009758735,MYS
hist,ERA-5,0.5045469016425169,0.0,0.0,0.0,0.0,0.0,NIC
2050,ssp245,0.8825983948683308,0.0,0.0,0.0,0.0,29.887194038519365,NIC
2100,ssp245,0.4629678392938293,0.0,0.0,0.0,0.0,0.0,NIC
2050,ssp370,1.521730278003432,0.0,0.0,0.0,0.0,0.0,NIC
2100,ssp370,1.724033393898305,0.0,0.0,0.0,0.0,0.0,NIC
2050,ssp585,8.687279310409286,0.0,0.0,0.0,0.0,0.0,NIC
2100,ssp585,5.988953908324782,0.0,0.0,0.0,0.0,0.0,NIC
hist,ERA-5,0.0,0.0,0.0,0.0,0.0,0.0,NER
2050,ssp245,0.0,0.0,0.0,0.0,0.0,0.0,NER
2100,ssp245,0.0,0.0,0.0,0.0,0.0,0.0,NER
2050,ssp370,0.0,0.0,0.0,0.0,0.0,0.0,NER
2100,ssp370,0.0,0.0,0.0,0.0,0.0,0.0,NER
2050,ssp585,0.0,0.0,0.0,0.0,0.0,0.0,NER
2100,ssp585,0.0,0.0,0.0,0.0,0.0,0.0,NER
hist,ERA-5,0.0,0.0,0.0,0.0,0.0,0.0,BEL
2050,ssp245,0.0,0.0,0.0,0.0,0.0,0.0,BEL
2100,ssp245,0.0,0.0,0.0,0.0,0.0,0.0,BEL
2050,ssp370,0.0,0.0,0.0,0.0,0.0,0.0,BEL
2100,ssp370,0.0,0.0,0.0,0.0,0.0,0.0,BEL
2050,ssp585,0.0,0.0,0.0,0.0,0.0,0.0,BEL
2100,ssp585,0.0,0.0,0.0,0.0,0.0,0.0,BEL
hist,ERA-5,0.0,0.0,0.0,0.0,0.0,0.0,NCL
2050,ssp245,0.0,0.0,0.0,0.0,0.0,0.0,NCL
2100,ssp245,0.0,0.0,0.0,0.0,0.0,0.0,NCL
2050,ssp370,0.0,0.0,0.0,0.0,0.0,0.0,NCL
2100,ssp370,0.0,0.0,0.0,0.0,0.0,0.0,NCL
2050,ssp585,0.2448068130441797,0.0,0.0,0.0,0.0,0.0,NCL
2100,ssp585,0.0,0.0,0.0,0.0,0.0,0.0,NCL
hist,ERA-5,0.0,0.0,0.0,0.0,0.0,0.0,LCA
2050,ssp245,0.0,0.0,0.0,0.0,0.0,0.0,LCA
2100,ssp245,0.0,0.0,0.0,0.0,0.0,0.0,LCA
2050,ssp370,0.0,0.0,0.0,0.0,0.0,0.0,LCA
2100,ssp370,0.0,0.0,0.0,0.0,0.0,0.0,LCA
2050,ssp585,0.0,0.0,0.0,0.0,0.0,0.0,LCA
2100,ssp585,0.0,0.0,0.0,0.0,0.0,0.0,LCA
hist,ERA-5,0.0,0.0,0.0,0.0,0.0,0.0,MSR
2050,ssp245,0.0,0.0,0.0,0.0,0.0,0.0,MSR
2100,ssp245,0.0,0.0,0.0,0.0,0.0,0.0,MSR
2050,ssp370,0.0,0.0,0.0,0.0,0.0,0.0,MSR
2100,ssp370,0.0,0.0,0.0,0.0,0.0,0.0,MSR
2050,ssp585,0.0,0.0,0.0,0.0,0.0,0.0,MSR
2100,ssp585,0.0,0.0,0.0,0.0,0.0,0.0,MSR
hist,ERA-5,0.0,0.0,0.0,0.0,0.0,0.0,DEU
2050,ssp245,0.0,0.0,0.0,0.0,0.0,0.0,DEU
2100,ssp245,0.0,0.0,0.0,0.0,0.0,0.0,DEU
2050,ssp370,0.0,0.0,0.0,0.0,0.0,0.0,DEU
2100,ssp370,0.0,0.0,0.0,0.0,0.0,0.0,DEU
2050,ssp585,0.0,0.0,0.0,0.0,0.0,0.0,DEU
2100,ssp585,0.0,0.0,0.0,0.0,0.0,0.0,DEU
hist,ERA-5,0.0,0.0,0.0,0.0,0.0,0.0,PRI
2050,ssp245,117.03105828631018,0.0,0.0,0.0,0.0,0.0,PRI
2100,ssp245,0.0,0.0,0.0,0.0,0.0,0.0,PRI
2050,ssp370,0.0,0.0,0.0,0.0,0.0,0.0,PRI
2100,ssp370,0.0,0.0,0.0,0.0,0.0,0.0,PRI
2050,ssp585,0.0,0.0,0.0,0.0,0.0,0.0,PRI
2100,ssp585,0.0,0.0,0.0,0.0,0.0,0.0,PRI
hist,ERA-5,5.068505640333503,0.0,0.0,0.0,0.0,0.0,FJI
2050,ssp245,8.021570743903883,0.0,0.0,0.0,166.47919844355238,0.0,FJI
2100,ssp245,5.068505640333503,0.0,0.0,0.0,0.0,0.0,FJI
2050,ssp370,125.31951737466566,0.0,0.0,0.0,0.0,14739.131585888288,FJI
2100,ssp370,252.3532451201017,0.0,0.0,0.0,0.0,522.7569048032937,FJI
2050,ssp585,5.068505640333503,0.0,0.0,0.0,0.0,0.0,FJI
2100,ssp585,107.76151235914767,0.0,0.0,0.0,0.0,0.0,FJI
hist,ERA-5,0.0,0.0,0.0,0.0,0.0,0.0,SDN
2050,ssp245,0.0,0.0,0.0,0.0,0.0,0.0,SDN
2100,ssp245,0.0,0.0,0.0,0.0,0.0,0.0,SDN
2050,ssp370,0.0,0.0,0.0,0.0,0.0,0.0,SDN
2100,ssp370,0.0,0.0,0.0,0.0,0.0,0.0,SDN
2050,ssp585,0.0,0.0,0.0,0.0,0.0,0.0,SDN
2100,ssp585,0.0,0.0,0.0,0.0,0.0,0.0,SDN
hist,ERA-5,0.0,0.0,0.0,0.0,0.0,0.0,NOR
2050,ssp245,0.0,0.0,0.0,0.0,0.0,0.0,NOR
2100,ssp245,0.0,0.0,0.0,0.0,0.0,0.0,NOR
2050,ssp370,0.0,0.0,0.0,0.0,0.0,0.0,NOR
2100,ssp370,0.0,0.0,0.0,0.0,0.0,0.0,NOR
2050,ssp585,0.0,0.0,0.0,0.0,0.0,0.0,NOR
2100,ssp585,0.0,0.0,0.0,0.0,0.0,0.0,NOR
hist,ERA-5,0.0,0.0,0.0,0.0,0.0,0.0,TUN
2050,ssp245,0.0,0.0,0.0,0.0,0.0,0.0,TUN
2100,ssp245,0.0,0.0,0.0,0.0,0.0,0.0,TUN
2050,ssp370,0.0,0.0,0.0,0.0,0.0,0.0,TUN
2100,ssp370,0.0,0.0,0.0,0.0,0.0,0.0,TUN
2050,ssp585,0.0,0.0,0.0,0.0,0.0,0.0,TUN
2100,ssp585,0.0,0.0,0.0,0.0,0.0,0.0,TUN
hist,ERA-5,0.0,0.0,0.0,0.0,0.0,0.0,LBY
2050,ssp245,0.0,0.0,0.0,0.0,0.0,0.0,LBY
2100,ssp245,0.0,0.0,0.0,0.0,0.0,0.0,LBY
2050,ssp370,0.0,0.0,0.0,0.0,0.0,0.0,LBY
2100,ssp370,0.0,0.0,0.0,0.0,0.0,0.0,LBY
2050,ssp585,0.0,0.0,0.0,0.0,0.0,0.0,LBY
2100,ssp585,0.0,0.0,0.0,0.0,0.0,0.0,LBY
hist,ERA-5,0.0,0.0,0.0,0.0,0.0,0.0,YEM
2050,ssp245,0.0,0.0,0.0,0.0,0.0,0.0,YEM
2100,ssp245,0.0,0.0,0.0,0.0,0.0,0.0,YEM
2050,ssp370,0.2591994095225426,0.0,0.0,0.0,0.0,0.0,YEM
2100,ssp370,3.672447621053467,0.0,0.0,0.0,0.0,0.0,YEM
2050,ssp585,0.0,0.0,0.0,0.0,0.0,0.0,YEM
2100,ssp585,6.99717276792547,0.0,0.0,0.0,0.0,0.0,YEM
hist,ERA-5,13.208514842036305,0.0,0.0,0.0,0.0,0.0,GRD
2050,ssp245,13.208514842036305,0.0,0.0,0.0,0.0,0.0,GRD
2100,ssp245,13.208514842036305,0.0,0.0,0.0,0.0,0.0,GRD
2050,ssp370,13.208514842036305,0.0,0.0,0.0,0.0,0.0,GRD
2100,ssp370,13.208514842036305,0.0,0.0,0.0,0.0,0.0,GRD
2050,ssp585,13.208514842036305,0.0,0.0,0.0,0.0,0.0,GRD
2100,ssp585,13.208514842036305,0.0,0.0,0.0,0.0,0.0,GRD
hist,ERA-5,0.0,0.0,0.0,0.0,0.0,0.0,ERI
2050,ssp245,0.0,0.0,0.0,0.0,0.0,0.0,ERI
2100,ssp245,0.0,0.0,0.0,0.0,0.0,0.0,ERI
2050,ssp370,0.0,0.0,0.0,0.0,0.0,0.0,ERI
2100,ssp370,0.0,0.0,0.0,0.0,0.0,0.0,ERI
2050,ssp585,0.0,0.0,0.0,0.0,0.0,0.0,ERI
2100,ssp585,0.0,0.0,0.0,0.0,0.0,0.0,ERI
hist,ERA-5,0.0,0.0,0.0,0.0,0.0,0.0,BMU
2050,ssp245,0.0,0.0,0.0,0.0,0.0,0.0,BMU
2100,ssp245,0.0,0.0,0.0,0.0,0.0,0.0,BMU
2050,ssp370,0.0,0.0,0.0,0.0,0.0,0.0,BMU
2100,ssp370,0.0,0.0,0.0,0.0,0.0,0.0,BMU
2050,ssp585,0.0,0.0,0.0,0.0,0.0,0.0,BMU
2100,ssp585,0.0,0.0,0.0,0.0,0.0,0.0,BMU
hist,ERA-5,7.24737992517736,0.0,0.0,0.0,0.0,0.0,SOM
2050,ssp370,49.34530957714683,0.0,0.0,0.0,0.0,0.0,SOM
2100,ssp370,188.2977120072239,0.0,0.0,0.0,0.0,2.6170163351790325,SOM
2050,ssp585,26.84837855913107,0.0,0.0,0.0,0.0,0.0,SOM
2100,ssp585,491.5709706600896,0.0,0.0,0.0,0.0,14049.567557268374,SOM
hist,ERA-5,74.37104307560762,0.0,0.0,0.0,0.0,134.7108207046142,SLB
2050,ssp245,125.87821368045442,0.0,0.0,0.0,0.0,29339.888878671834,SLB
2100,ssp245,270.8795611073177,0.0,0.0,0.0,702.7097286184871,1691.4273892690064,SLB
2050,ssp370,370.37609899806944,0.0,0.0,0.0,168.56837545953766,18216.54400908629,SLB
2100,ssp370,99.88950363200814,0.0,0.0,0.0,0.0,3592.0197401314144,SLB
2050,ssp585,190.65083733651167,0.0,0.0,0.0,48.01550455234004,10246.284099810297,SLB
2100,ssp585,151.00647136621996,0.0,0.0,0.0,0.0,3577.830894121444,SLB
hist,ERA-5,0.0,0.0,0.0,0.0,0.0,0.0,TUR
2050,ssp245,0.0,0.0,0.0,0.0,0.0,0.0,TUR
2100,ssp245,0.0,0.0,0.0,0.0,0.0,0.0,TUR
2050,ssp370,0.0,0.0,0.0,0.0,0.0,0.0,TUR
2100,ssp370,0.0,0.0,0.0,0.0,0.0,0.0,TUR
2050,ssp585,0.0,0.0,0.0,0.0,0.0,0.0,TUR
2100,ssp585,0.0,0.0,0.0,0.0,0.0,0.0,TUR
hist,ERA-5,0.0,0.0,0.0,0.0,0.0,0.0,SLE
2050,ssp245,0.0,0.0,0.0,0.0,0.0,0.0,SLE
2100,ssp245,0.0,0.0,0.0,0.0,0.0,0.0,SLE
2050,ssp370,0.0,0.0,0.0,0.0,0.0,0.0,SLE
2100,ssp370,0.0,0.0,0.0,0.0,0.0,0.0,SLE
2050,ssp585,0.0,0.0,0.0,0.0,0.0,0.0,SLE
2100,ssp585,0.0,0.0,0.0,0.0,0.0,0.0,SLE
hist,ERA-5,0.0,0.0,0.0,0.0,0.0,0.0,MWI
2050,ssp245,0.0,0.0,0.0,0.0,0.0,0.0,MWI
2100,ssp245,0.0,0.0,0.0,0.0,0.0,0.0,MWI
2050,ssp370,0.0,0.0,0.0,0.0,0.0,0.0,MWI
2100,ssp370,0.0,0.0,0.0,0.0,0.0,0.0,MWI
2050,ssp585,0.0,0.0,0.0,0.0,0.0,0.0,MWI
2100,ssp585,0.0,0.0,0.0,0.0,0.0,0.0,MWI
hist,ERA-5,0.0,0.0,0.0,0.0,0.0,0.0,IRQ
2050,ssp245,0.0,0.0,0.0,0.0,0.0,0.0,IRQ
2100,ssp245,0.0,0.0,0.0,0.0,0.0,0.0,IRQ
2050,ssp370,0.0,0.0,0.0,0.0,0.0,0.0,IRQ
2100,ssp370,0.0,0.0,0.0,0.0,0.0,0.0,IRQ
2050,ssp585,0.0,0.0,0.0,0.0,0.0,0.0,IRQ
2100,ssp585,0.0,0.0,0.0,0.0,0.0,0.0,IRQ
hist,ERA-5,0.0,0.0,0.0,0.0,0.0,0.0,PSE
2050,ssp245,0.0,0.0,0.0,0.0,0.0,0.0,PSE
2100,ssp245,0.0,0.0,0.0,0.0,0.0,0.0,PSE
2050,ssp370,0.0,0.0,0.0,0.0,0.0,0.0,PSE
2100,ssp370,0.0,0.0,0.0,0.0,0.0,0.0,PSE
2050,ssp585,0.0,0.0,0.0,0.0,0.0,0.0,PSE
2100,ssp585,0.0,0.0,0.0,0.0,0.0,0.0,PSE
hist,ERA-5,0.0,0.0,0.0,0.0,0.0,0.0,SLV
2050,ssp245,0.0,0.0,0.0,0.0,0.0,0.0,SLV
2100,ssp245,0.0,0.0,0.0,0.0,0.0,0.0,SLV
2050,ssp370,0.0,0.0,0.0,0.0,0.0,0.0,SLV
2100,ssp370,0.0,0.0,0.0,0.0,0.0,0.0,SLV
2050,ssp585,0.0,0.0,0.0,0.0,0.0,0.0,SLV
2100,ssp585,0.0,0.0,0.0,0.0,0.0,0.0,SLV
hist,ERA-5,0.0,0.0,0.0,0.0,0.0,0.0,ITA
2050,ssp245,0.0,0.0,0.0,0.0,0.0,0.0,ITA
2100,ssp245,0.0,0.0,0.0,0.0,0.0,0.0,ITA
2050,ssp370,0.0,0.0,0.0,0.0,0.0,0.0,ITA
2100,ssp370,0.0,0.0,0.0,0.0,0.0,0.0,ITA
2050,ssp585,0.0,0.0,0.0,0.0,0.0,0.0,ITA
2100,ssp585,0.0,0.0,0.0,0.0,0.0,0.0,ITA
hist,ERA-5,0.0,0.0,0.0,0.0,0.0,0.0,GRL
2050,ssp245,0.0,0.0,0.0,0.0,0.0,0.0,GRL
2100,ssp245,0.0,0.0,0.0,0.0,0.0,0.0,GRL
2050,ssp370,0.0,0.0,0.0,0.0,0.0,0.0,GRL
2100,ssp370,0.0,0.0,0.0,0.0,0.0,0.0,GRL
2050,ssp585,0.0,0.0,0.0,0.0,0.0,0.0,GRL
2100,ssp585,0.0,0.0,0.0,0.0,0.0,0.0,GRL
hist,ERA-5,354.04436473015653,0.0,0.0,0.0,0.0,7059.4639931532,MOZ
2050,ssp245,1980.8796675586725,0.0,0.0,11027.68481602796,61602.76075216792,141957.92225881125,MOZ
2100,ssp245,1370.613443370455,0.0,0.0,8660.256895544719,26636.56018847374,110844.37808366132,MOZ
2050,ssp370,2296.098128297007,0.0,0.0,4224.786790873595,37149.81525525451,185994.2987745516,MOZ
2100,ssp370,3503.2830679876806,0.0,16.44985366726988,38744.71879605002,127207.53783811718,288794.81846415857,MOZ
2050,ssp585,583.6373739189884,0.0,0.0,11669.174194515212,21429.92153737181,78417.40822233686,MOZ
2100,ssp585,6923.707074168041,0.0,5221.400285761811,89408.31230276501,262492.9686305895,480848.215246509,MOZ
hist,ERA-5,0.0,0.0,0.0,0.0,0.0,0.0,TKM
2050,ssp245,0.0,0.0,0.0,0.0,0.0,0.0,TKM
2100,ssp245,0.0,0.0,0.0,0.0,0.0,0.0,TKM
2050,ssp370,0.0,0.0,0.0,0.0,0.0,0.0,TKM
2100,ssp370,0.0,0.0,0.0,0.0,0.0,0.0,TKM
2050,ssp585,0.0,0.0,0.0,0.0,0.0,0.0,TKM
2100,ssp585,0.0,0.0,0.0,0.0,0.0,0.0,TKM
hist,ERA-5,0.0,0.0,0.0,0.0,0.0,0.0,TGO
2050,ssp245,0.0,0.0,0.0,0.0,0.0,0.0,TGO
2100,ssp245,0.0,0.0,0.0,0.0,0.0,0.0,TGO
2050,ssp370,0.0,0.0,0.0,0.0,0.0,0.0,TGO
2100,ssp370,0.0,0.0,0.0,0.0,0.0,0.0,TGO
2050,ssp585,0.0,0.0,0.0,0.0,0.0,0.0,TGO
2100,ssp585,0.0,0.0,0.0,0.0,0.0,0.0,TGO
hist,ERA-5,0.0,0.0,0.0,0.0,0.0,0.0,PAK
2050,ssp245,0.0,0.0,0.0,0.0,0.0,0.0,PAK
2100,ssp245,0.0,0.0,0.0,0.0,0.0,0.0,PAK
2050,ssp370,0.0,0.0,0.0,0.0,0.0,0.0,PAK
2100,ssp370,0.0,0.0,0.0,0.0,0.0,0.0,PAK
2050,ssp585,0.0,0.0,0.0,0.0,0.0,0.0,PAK
2100,ssp585,0.0,0.0,0.0,0.0,0.0,0.0,PAK
hist,ERA-5,0.0,0.0,0.0,0.0,0.0,0.0,MLI
2050,ssp245,0.0,0.0,0.0,0.0,0.0,0.0,MLI
2100,ssp245,0.0,0.0,0.0,0.0,0.0,0.0,MLI
2050,ssp370,0.0,0.0,0.0,0.0,0.0,0.0,MLI
2100,ssp370,0.0,0.0,0.0,0.0,0.0,0.0,MLI
2050,ssp585,0.0,0.0,0.0,0.0,0.0,0.0,MLI
2100,ssp585,0.0,0.0,0.0,0.0,0.0,0.0,MLI
hist,ERA-5,0.0019255457616408,0.0,0.0,0.0,0.0,0.0,AIA
2050,ssp245,0.0019255457616408,0.0,0.0,0.0,0.0,0.0,AIA
2100,ssp245,0.0019255457616408,0.0,0.0,0.0,0.0,0.0,AIA
2050,ssp370,0.0019255457616408,0.0,0.0,0.0,0.0,0.0,AIA
2100,ssp370,0.0019255457616408,0.0,0.0,0.0,0.0,0.0,AIA
2050,ssp585,0.0019255457616408,0.0,0.0,0.0,0.0,0.0,AIA
2100,ssp585,0.0019255457616408,0.0,0.0,0.0,0.0,0.0,AIA
hist,ERA-5,0.0,0.0,0.0,0.0,0.0,0.0,VGB
2050,ssp245,0.0,0.0,0.0,0.0,0.0,0.0,VGB
2100,ssp245,0.0,0.0,0.0,0.0,0.0,0.0,VGB
2050,ssp370,0.0,0.0,0.0,0.0,0.0,0.0,VGB
2100,ssp370,0.0,0.0,0.0,0.0,0.0,0.0,VGB
2050,ssp585,0.0,0.0,0.0,0.0,0.0,0.0,VGB
2100,ssp585,0.0,0.0,0.0,0.0,0.0,0.0,VGB
hist,ERA-5,0.0,0.0,0.0,0.0,0.0,0.0,KIR
2050,ssp245,0.0,0.0,0.0,0.0,0.0,0.0,KIR
2100,ssp245,0.0,0.0,0.0,0.0,0.0,0.0,KIR
2050,ssp370,0.0,0.0,0.0,0.0,0.0,0.0,KIR
2100,ssp370,0.0,0.0,0.0,0.0,0.0,0.0,KIR
2050,ssp585,0.0,0.0,0.0,0.0,0.0,0.0,KIR
2100,ssp585,0.0,0.0,0.0,0.0,0.0,0.0,KIR
hist,ERA-5,0.0,0.0,0.0,0.0,0.0,0.0,CIV
2050,ssp245,0.0,0.0,0.0,0.0,0.0,0.0,CIV
2100,ssp245,0.0,0.0,0.0,0.0,0.0,0.0,CIV
2050,ssp370,0.0,0.0,0.0,0.0,0.0,0.0,CIV
2100,ssp370,0.0,0.0,0.0,0.0,0.0,0.0,CIV
2050,ssp585,0.0,0.0,0.0,0.0,0.0,0.0,CIV
2100,ssp585,0.0,0.0,0.0,0.0,0.0,0.0,CIV
hist,ERA-5,0.0,0.0,0.0,0.0,0.0,0.0,STP
2050,ssp245,0.0,0.0,0.0,0.0,0.0,0.0,STP
2100,ssp245,0.0,0.0,0.0,0.0,0.0,0.0,STP
2050,ssp370,0.0,0.0,0.0,0.0,0.0,0.0,STP
2100,ssp370,0.0,0.0,0.0,0.0,0.0,0.0,STP
2050,ssp585,0.0,0.0,0.0,0.0,0.0,0.0,STP
2100,ssp585,0.0,0.0,0.0,0.0,0.0,0.0,STP
hist,ERA-5,41.56208138859194,0.0,0.0,0.0,0.0,0.0,JPN
2050,ssp245,41.56208138859194,0.0,0.0,0.0,0.0,0.0,JPN
2100,ssp245,41.56208138859194,0.0,0.0,0.0,0.0,0.0,JPN
2050,ssp370,42.05791466049779,0.0,0.0,0.0,0.0,0.0,JPN
2100,ssp370,41.56208138859194,0.0,0.0,0.0,0.0,0.0,JPN
2050,ssp585,41.56208138859194,0.0,0.0,0.0,0.0,0.0,JPN
2100,ssp585,943.0508405029536,0.0,0.0,0.0,0.0,65770.01618985379,JPN
hist,ERA-5,81.30610483645707,0.0,0.0,0.0,0.0,0.0,PNG
2050,ssp245,400.1585505949659,0.0,0.0,0.0,2030.7749421718809,14821.538018274772,PNG
2100,ssp245,299.2039939824873,0.0,0.0,65.1734288949176,6236.016238327277,21625.83416126372,PNG
2050,ssp370,321.0491562655766,0.0,0.0,3.7389922406721054,573.8716997820363,7913.23804048447,PNG
2100,ssp370,358.4114133022109,0.0,0.0,643.690801095918,8379.273738216683,13865.578755247148,PNG
2050,ssp585,276.54332122143387,0.0,0.0,0.0,2890.078398723845,9942.90209391875,PNG
2100,ssp585,98.16495312694056,0.0,0.0,150.2100059273685,1985.8604707901104,669.543229797305,PNG
hist,ERA-5,349.0583943461769,0.0,0.0,0.0,0.0,0.0,HTI
2050,ssp245,381.6515894916961,0.0,0.0,0.0,0.0,0.0,HTI
2100,ssp245,349.0583943461769,0.0,0.0,0.0,0.0,0.0,HTI
2050,ssp370,349.0583943461769,0.0,0.0,0.0,0.0,0.0,HTI
2100,ssp370,349.0583943461769,0.0,0.0,0.0,0.0,0.0,HTI
2050,ssp585,349.0583943461769,0.0,0.0,0.0,0.0,0.0,HTI
2100,ssp585,349.0583943461769,0.0,0.0,0.0,0.0,0.0,HTI
hist,ERA-5,0.0,0.0,0.0,0.0,0.0,0.0,IMN
2050,ssp245,0.0,0.0,0.0,0.0,0.0,0.0,IMN
2100,ssp245,0.0,0.0,0.0,0.0,0.0,0.0,IMN
2050,ssp370,0.0,0.0,0.0,0.0,0.0,0.0,IMN
2100,ssp370,0.0,0.0,0.0,0.0,0.0,0.0,IMN
2050,ssp585,0.0,0.0,0.0,0.0,0.0,0.0,IMN
2100,ssp585,0.0,0.0,0.0,0.0,0.0,0.0,IMN
hist,ERA-5,186.997070554082,0.0,0.0,0.0,0.0,7149.917039881056,MDG
2050,ssp245,2552.719831171111,0.0,609.6080312974553,22479.67200068818,88129.11724835569,152133.679810662,MDG
2100,ssp245,3513.1405114649297,0.0,4388.476950425636,53147.45064116808,127002.86971298272,78861.81832224148,MDG
2050,ssp370,1853.7816027459044,0.0,92.98012356330813,10809.710507775068,58497.5714725572,128834.46489970418,MDG
2100,ssp370,3026.273984075517,0.0,3893.7452313476656,39767.2526228944,132318.35094839294,175266.71649494447,MDG
2050,ssp585,2772.934282279037,0.0,0.0,11001.893237896293,91633.14470001993,167591.1628046809,MDG
2100,ssp585,5211.722128297248,0.0,30545.49052814849,80321.05442631175,152187.62191382732,228414.6632238889,MDG
hist,ERA-5,0.0,0.0,0.0,0.0,0.0,0.0,SYR
2050,ssp245,0.0,0.0,0.0,0.0,0.0,0.0,SYR
2100,ssp245,0.0,0.0,0.0,0.0,0.0,0.0,SYR
2050,ssp370,0.0,0.0,0.0,0.0,0.0,0.0,SYR
2100,ssp370,0.0,0.0,0.0,0.0,0.0,0.0,SYR
2050,ssp585,0.0,0.0,0.0,0.0,0.0,0.0,SYR
2100,ssp585,0.0,0.0,0.0,0.0,0.0,0.0,SYR
hist,ERA-5,0.0,0.0,0.0,0.0,0.0,0.0,BWA
2050,ssp245,0.0,0.0,0.0,0.0,0.0,0.0,BWA
2100,ssp245,0.0,0.0,0.0,0.0,0.0,0.0,BWA
2050,ssp370,0.0,0.0,0.0,0.0,0.0,0.0,BWA
2100,ssp370,0.0,0.0,0.0,0.0,0.0,0.0,BWA
2050,ssp585,0.0,0.0,0.0,0.0,0.0,0.0,BWA
2100,ssp585,0.0,0.0,0.0,0.0,0.0,0.0,BWA
hist,ERA-5,0.0,0.0,0.0,0.0,0.0,0.0,VIR
2050,ssp245,0.0,0.0,0.0,0.0,0.0,0.0,VIR
2100,ssp245,0.0,0.0,0.0,0.0,0.0,0.0,VIR
2050,ssp370,0.0,0.0,0.0,0.0,0.0,0.0,VIR
2100,ssp370,0.0,0.0,0.0,0.0,0.0,0.0,VIR
2050,ssp585,0.0,0.0,0.0,0.0,0.0,0.0,VIR
2100,ssp585,0.0,0.0,0.0,0.0,0.0,0.0,VIR
hist,ERA-5,60.52132483862888,0.0,0.0,0.0,0.0,0.0,BRB
2050,ssp245,60.52132483862888,0.0,0.0,0.0,0.0,0.0,BRB
2100,ssp245,60.52132483862888,0.0,0.0,0.0,0.0,0.0,BRB
2050,ssp370,60.52132483862888,0.0,0.0,0.0,0.0,0.0,BRB
2100,ssp370,60.52132483862888,0.0,0.0,0.0,0.0,0.0,BRB
2050,ssp585,60.52132483862888,0.0,0.0,0.0,0.0,0.0,BRB
2100,ssp585,60.52132483862888,0.0,0.0,0.0,0.0,0.0,BRB
hist,ERA-5,0.0,0.0,0.0,0.0,0.0,0.0,EGY
2050,ssp245,0.0,0.0,0.0,0.0,0.0,0.0,EGY
2100,ssp245,0.0,0.0,0.0,0.0,0.0,0.0,EGY
2050,ssp370,0.0,0.0,0.0,0.0,0.0,0.0,EGY
2100,ssp370,0.0,0.0,0.0,0.0,0.0,0.0,EGY
2050,ssp585,0.0,0.0,0.0,0.0,0.0,0.0,EGY
2100,ssp585,0.0,0.0,0.0,0.0,0.0,0.0,EGY
hist,ERA-5,0.0,0.0,0.0,0.0,0.0,0.0,MAC
2050,ssp245,0.0,0.0,0.0,0.0,0.0,0.0,MAC
2100,ssp245,0.0,0.0,0.0,0.0,0.0,0.0,MAC
2050,ssp370,0.0,0.0,0.0,0.0,0.0,0.0,MAC
2100,ssp370,0.0,0.0,0.0,0.0,0.0,0.0,MAC
2050,ssp585,0.0,0.0,0.0,0.0,0.0,0.0,MAC
2100,ssp585,0.0,0.0,0.0,0.0,0.0,0.0,MAC
hist,ERA-5,0.0,0.0,0.0,0.0,0.0,0.0,MNG
2050,ssp245,0.0,0.0,0.0,0.0,0.0,0.0,MNG
2100,ssp245,0.0,0.0,0.0,0.0,0.0,0.0,MNG
2050,ssp370,0.0,0.0,0.0,0.0,0.0,0.0,MNG
2100,ssp370,0.0,0.0,0.0,0.0,0.0,0.0,MNG
2050,ssp585,0.0,0.0,0.0,0.0,0.0,0.0,MNG
2100,ssp585,0.0,0.0,0.0,0.0,0.0,0.0,MNG
hist,ERA-5,0.0,0.0,0.0,0.0,0.0,0.0,CMR
2050,ssp245,0.0,0.0,0.0,0.0,0.0,0.0,CMR
2100,ssp245,0.0,0.0,0.0,0.0,0.0,0.0,CMR
2050,ssp370,0.0,0.0,0.0,0.0,0.0,0.0,CMR
2100,ssp370,0.0,0.0,0.0,0.0,0.0,0.0,CMR
2050,ssp585,0.0,0.0,0.0,0.0,0.0,0.0,CMR
2100,ssp585,0.0,0.0,0.0,0.0,0.0,0.0,CMR
hist,ERA-5,0.0,0.0,0.0,0.0,0.0,0.0,NRU
2050,ssp245,0.0,0.0,0.0,0.0,0.0,0.0,NRU
2100,ssp245,0.0,0.0,0.0,0.0,0.0,0.0,NRU
2050,ssp370,0.0,0.0,0.0,0.0,0.0,0.0,NRU
2100,ssp370,0.0,0.0,0.0,0.0,0.0,0.0,NRU
2050,ssp585,0.0,0.0,0.0,0.0,0.0,0.0,NRU
2100,ssp585,0.0,0.0,0.0,0.0,0.0,0.0,NRU
hist,ERA-5,0.0,0.0,0.0,0.0,0.0,0.0,PER
2050,ssp245,0.0,0.0,0.0,0.0,0.0,0.0,PER
2100,ssp245,0.0,0.0,0.0,0.0,0.0,0.0,PER
2050,ssp370,0.0,0.0,0.0,0.0,0.0,0.0,PER
2100,ssp370,0.0,0.0,0.0,0.0,0.0,0.0,PER
2050,ssp585,0.0,0.0,0.0,0.0,0.0,0.0,PER
2100,ssp585,0.0,0.0,0.0,0.0,0.0,0.0,PER
hist,ERA-5,0.0,0.0,0.0,0.0,0.0,0.0,TJK
2050,ssp245,0.0,0.0,0.0,0.0,0.0,0.0,TJK
2100,ssp245,0.0,0.0,0.0,0.0,0.0,0.0,TJK
2050,ssp370,0.0,0.0,0.0,0.0,0.0,0.0,TJK
2100,ssp370,0.0,0.0,0.0,0.0,0.0,0.0,TJK
2050,ssp585,0.0,0.0,0.0,0.0,0.0,0.0,TJK
2100,ssp585,0.0,0.0,0.0,0.0,0.0,0.0,TJK
hist,ERA-5,49.45574979633122,0.0,0.0,0.0,0.0,0.0,MMR
2050,ssp245,90.08937306513684,0.0,0.0,0.0,0.0,0.0,MMR
2100,ssp245,476.34129201230473,0.0,0.0,0.0,0.0,0.0,MMR
2050,ssp370,130.1142420808977,0.0,0.0,0.0,0.0,0.0,MMR
2100,ssp370,498.2672078465258,0.0,0.0,0.0,0.0,0.0,MMR
2050,ssp585,191.5460587664332,0.0,0.0,0.0,0.0,0.0,MMR
2100,ssp585,2946.3714334108,0.0,0.0,0.0,0.0,117552.00344084216,MMR
hist,ERA-5,0.0,0.0,0.0,0.0,0.0,0.0,TON
2050,ssp245,0.0,0.0,0.0,0.0,0.0,0.0,TON
2100,ssp245,0.0,0.0,0.0,0.0,0.0,0.0,TON
2050,ssp370,0.0,0.0,0.0,0.0,0.0,0.0,TON
2100,ssp370,0.0,0.0,0.0,0.0,0.0,0.0,TON
2050,ssp585,0.0,0.0,0.0,0.0,0.0,0.0,TON
2100,ssp585,0.0,0.0,0.0,0.0,0.0,0.0,TON
hist,ERA-5,0.0,0.0,0.0,0.0,0.0,0.0,AND
2050,ssp245,0.0,0.0,0.0,0.0,0.0,0.0,AND
2100,ssp245,0.0,0.0,0.0,0.0,0.0,0.0,AND
2050,ssp370,0.0,0.0,0.0,0.0,0.0,0.0,AND
2100,ssp370,0.0,0.0,0.0,0.0,0.0,0.0,AND
2050,ssp585,0.0,0.0,0.0,0.0,0.0,0.0,AND
2100,ssp585,0.0,0.0,0.0,0.0,0.0,0.0,AND
hist,ERA-5,0.0,0.0,0.0,0.0,0.0,0.0,GAB
2050,ssp245,0.0,0.0,0.0,0.0,0.0,0.0,GAB
2100,ssp245,0.0,0.0,0.0,0.0,0.0,0.0,GAB
2050,ssp370,0.0,0.0,0.0,0.0,0.0,0.0,GAB
2100,ssp370,0.0,0.0,0.0,0.0,0.0,0.0,GAB
2050,ssp585,0.0,0.0,0.0,0.0,0.0,0.0,GAB
2100,ssp585,0.0,0.0,0.0,0.0,0.0,0.0,GAB
hist,ERA-5,0.0,0.0,0.0,0.0,0.0,0.0,TLS
2050,ssp245,10.439521881686726,0.0,0.0,0.0,0.0,0.0,TLS
2100,ssp245,42.93820537251101,0.0,0.0,0.0,0.0,216.1374868948628,TLS
2050,ssp370,0.8109226658224369,0.0,0.0,0.0,0.0,0.0,TLS
2100,ssp370,226.43611267653,0.0,0.0,0.0,0.0,926.854492421977,TLS
2050,ssp585,6.93883589035043,0.0,0.0,0.0,0.0,0.0,TLS
2100,ssp585,98.64717254499703,0.0,0.0,0.0,0.0,2014.705721123063,TLS
hist,ERA-5,0.0,0.0,0.0,0.0,0.0,0.0,CHE
2050,ssp245,0.0,0.0,0.0,0.0,0.0,0.0,CHE
2100,ssp245,0.0,0.0,0.0,0.0,0.0,0.0,CHE
2050,ssp370,0.0,0.0,0.0,0.0,0.0,0.0,CHE
2100,ssp370,0.0,0.0,0.0,0.0,0.0,0.0,CHE
2050,ssp585,0.0,0.0,0.0,0.0,0.0,0.0,CHE
2100,ssp585,0.0,0.0,0.0,0.0,0.0,0.0,CHE
hist,ERA-5,0.0,0.0,0.0,0.0,0.0,0.0,CHL
2050,ssp245,0.0,0.0,0.0,0.0,0.0,0.0,CHL
2100,ssp245,0.0,0.0,0.0,0.0,0.0,0.0,CHL
2050,ssp370,0.0,0.0,0.0,0.0,0.0,0.0,CHL
2100,ssp370,0.0,0.0,0.0,0.0,0.0,0.0,CHL
2050,ssp585,0.0,0.0,0.0,0.0,0.0,0.0,CHL
2100,ssp585,0.0,0.0,0.0,0.0,0.0,0.0,CHL
hist,ERA-5,0.0,0.0,0.0,0.0,0.0,0.0,VCT
2050,ssp245,0.0,0.0,0.0,0.0,0.0,0.0,VCT
2100,ssp245,0.0,0.0,0.0,0.0,0.0,0.0,VCT
2050,ssp370,0.0,0.0,0.0,0.0,0.0,0.0,VCT
2100,ssp370,0.0,0.0,0.0,0.0,0.0,0.0,VCT
hist,ERA-5,0.152562086366562,0.0,0.0,0.0,0.0,0.0,CYM
2050,ssp245,0.152562086366562,0.0,0.0,0.0,0.0,0.0,CYM
2100,ssp245,0.152562086366562,0.0,0.0,0.0,0.0,0.0,CYM
2050,ssp370,0.152562086366562,0.0,0.0,0.0,0.0,0.0,CYM
2100,ssp370,0.152562086366562,0.0,0.0,0.0,0.0,0.0,CYM
2050,ssp585,0.152562086366562,0.0,0.0,0.0,0.0,0.0,CYM
2100,ssp585,0.152562086366562,0.0,0.0,0.0,0.0,0.0,CYM
hist,ERA-5,20.395645333014627,0.0,0.0,0.0,0.0,0.0,TTO
2050,ssp245,20.395645333014627,0.0,0.0,0.0,0.0,0.0,TTO
2100,ssp245,95.78159744579244,0.0,0.0,0.0,0.0,0.0,TTO
2050,ssp370,20.395645333014627,0.0,0.0,0.0,0.0,0.0,TTO
2100,ssp370,20.395645333014627,0.0,0.0,0.0,0.0,0.0,TTO
2050,ssp585,76.54016729631277,0.0,0.0,0.0,0.0,0.0,TTO
2100,ssp585,20.395645333014627,0.0,0.0,0.0,0.0,0.0,TTO
hist,ERA-5,0.0,0.0,0.0,0.0,0.0,0.0,PRK
2050,ssp245,0.0,0.0,0.0,0.0,0.0,0.0,PRK
2100,ssp245,0.0,0.0,0.0,0.0,0.0,0.0,PRK
2050,ssp370,0.0,0.0,0.0,0.0,0.0,0.0,PRK
2100,ssp370,0.0,0.0,0.0,0.0,0.0,0.0,PRK
2050,ssp585,0.0,0.0,0.0,0.0,0.0,0.0,PRK
2100,ssp585,0.0,0.0,0.0,0.0,0.0,0.0,PRK
hist,ERA-5,0.0,0.0,0.0,0.0,0.0,0.0,NIU
2050,ssp245,0.0,0.0,0.0,0.0,0.0,0.0,NIU
2100,ssp245,0.0,0.0,0.0,0.0,0.0,0.0,NIU
2050,ssp370,0.0,0.0,0.0,0.0,0.0,0.0,NIU
2100,ssp370,0.0,0.0,0.0,0.0,0.0,0.0,NIU
2050,ssp585,0.0,0.0,0.0,0.0,0.0,0.0,NIU
2100,ssp585,0.0,0.0,0.0,0.0,0.0,0.0,NIU
hist,ERA-5,71.16486793603544,0.0,0.0,0.0,0.0,0.0,BLZ
2050,ssp245,71.43373914096635,0.0,0.0,0.0,0.0,0.0,BLZ
2100,ssp245,71.16486793603544,0.0,0.0,0.0,0.0,0.0,BLZ
2050,ssp370,71.16486793603544,0.0,0.0,0.0,0.0,0.0,BLZ
2100,ssp370,71.16486793603544,0.0,0.0,0.0,0.0,0.0,BLZ
2050,ssp585,71.16486793603544,0.0,0.0,0.0,0.0,0.0,BLZ
2100,ssp585,85.9827362511858,0.0,0.0,0.0,0.0,0.0,BLZ
hist,ERA-5,0.0,0.0,0.0,0.0,0.0,0.0,NLD
2050,ssp245,0.0,0.0,0.0,0.0,0.0,0.0,NLD
2100,ssp245,0.0,0.0,0.0,0.0,0.0,0.0,NLD
2050,ssp370,0.0,0.0,0.0,0.0,0.0,0.0,NLD
2100,ssp370,0.0,0.0,0.0,0.0,0.0,0.0,NLD
2050,ssp585,0.0,0.0,0.0,0.0,0.0,0.0,NLD
2100,ssp585,0.0,0.0,0.0,0.0,0.0,0.0,NLD
hist,ERA-5,0.0,0.0,0.0,0.0,0.0,0.0,BEN
2050,ssp245,0.0,0.0,0.0,0.0,0.0,0.0,BEN
2100,ssp245,0.0,0.0,0.0,0.0,0.0,0.0,BEN
2050,ssp585,0.0,0.0,0.0,0.0,0.0,0.0,BEN
2100,ssp585,0.0,0.0,0.0,0.0,0.0,0.0,BEN
hist,ERA-5,0.0,0.0,0.0,0.0,0.0,0.0,UGA
2050,ssp245,0.0,0.0,0.0,0.0,0.0,0.0,UGA
2100,ssp245,0.0,0.0,0.0,0.0,0.0,0.0,UGA
2050,ssp370,0.0,0.0,0.0,0.0,0.0,0.0,UGA
2100,ssp370,0.0,0.0,0.0,0.0,0.0,0.0,UGA
2050,ssp585,0.0,0.0,0.0,0.0,0.0,0.0,UGA
2100,ssp585,0.0,0.0,0.0,0.0,0.0,0.0,UGA
hist,ERA-5,0.0,0.0,0.0,0.0,0.0,0.0,SAU
2050,ssp245,0.0,0.0,0.0,0.0,0.0,0.0,SAU
2100,ssp245,0.0,0.0,0.0,0.0,0.0,0.0,SAU
2050,ssp370,0.0,0.0,0.0,0.0,0.0,0.0,SAU
2100,ssp370,0.0,0.0,0.0,0.0,0.0,0.0,SAU
2050,ssp585,0.0,0.0,0.0,0.0,0.0,0.0,SAU
2100,ssp585,0.0,0.0,0.0,0.0,0.0,0.0,SAU
hist,ERA-5,0.0,0.0,0.0,0.0,0.0,0.0,LIE
2050,ssp245,0.0,0.0,0.0,0.0,0.0,0.0,LIE
2100,ssp245,0.0,0.0,0.0,0.0,0.0,0.0,LIE
2050,ssp370,0.0,0.0,0.0,0.0,0.0,0.0,LIE
2100,ssp370,0.0,0.0,0.0,0.0,0.0,0.0,LIE
2050,ssp585,0.0,0.0,0.0,0.0,0.0,0.0,LIE
2100,ssp585,0.0,0.0,0.0,0.0,0.0,0.0,LIE
hist,ERA-5,0.0,0.0,0.0,0.0,0.0,0.0,JEY
2050,ssp245,0.0,0.0,0.0,0.0,0.0,0.0,JEY
2100,ssp245,0.0,0.0,0.0,0.0,0.0,0.0,JEY
2050,ssp370,0.0,0.0,0.0,0.0,0.0,0.0,JEY
2100,ssp370,0.0,0.0,0.0,0.0,0.0,0.0,JEY
2050,ssp585,0.0,0.0,0.0,0.0,0.0,0.0,JEY
2100,ssp585,0.0,0.0,0.0,0.0,0.0,0.0,JEY
hist,ERA-5,0.0,0.0,0.0,0.0,0.0,0.0,CPV
2050,ssp245,0.0,0.0,0.0,0.0,0.0,0.0,CPV
2100,ssp245,0.0,0.0,0.0,0.0,0.0,0.0,CPV
2050,ssp370,0.0,0.0,0.0,0.0,0.0,0.0,CPV
2100,ssp370,0.0,0.0,0.0,0.0,0.0,0.0,CPV
2050,ssp585,0.0,0.0,0.0,0.0,0.0,0.0,CPV
2100,ssp585,0.0,0.0,0.0,0.0,0.0,0.0,CPV
hist,ERA-5,0.0,0.0,0.0,0.0,0.0,0.0,NFK
2050,ssp245,0.0,0.0,0.0,0.0,0.0,0.0,NFK
2100,ssp245,0.0,0.0,0.0,0.0,0.0,0.0,NFK
2050,ssp370,0.0,0.0,0.0,0.0,0.0,0.0,NFK
2100,ssp370,0.0,0.0,0.0,0.0,0.0,0.0,NFK
2050,ssp585,0.0,0.0,0.0,0.0,0.0,0.0,NFK
2100,ssp585,0.0,0.0,0.0,0.0,0.0,0.0,NFK
hist,ERA-5,0.0,0.0,0.0,0.0,0.0,0.0,MUS
2050,ssp245,0.0,0.0,0.0,0.0,0.0,0.0,MUS
2100,ssp245,0.0,0.0,0.0,0.0,0.0,0.0,MUS
2050,ssp370,0.0,0.0,0.0,0.0,0.0,0.0,MUS
2100,ssp370,0.0,0.0,0.0,0.0,0.0,0.0,MUS
2050,ssp585,0.0,0.0,0.0,0.0,0.0,0.0,MUS
2100,ssp585,0.0,0.0,0.0,0.0,0.0,0.0,MUS
hist,ERA-5,0.0,0.0,0.0,0.0,0.0,0.0,SGP
2050,ssp245,0.0,0.0,0.0,0.0,0.0,0.0,SGP
2100,ssp245,0.0,0.0,0.0,0.0,0.0,0.0,SGP
2050,ssp370,0.0,0.0,0.0,0.0,0.0,0.0,SGP
2100,ssp370,0.0,0.0,0.0,0.0,0.0,0.0,SGP
2050,ssp585,0.0,0.0,0.0,0.0,0.0,0.0,SGP
2100,ssp585,0.0,0.0,0.0,0.0,0.0,0.0,SGP
hist,ERA-5,0.0,0.0,0.0,0.0,0.0,0.0,DMA
2050,ssp245,0.0,0.0,0.0,0.0,0.0,0.0,DMA
2100,ssp245,0.0,0.0,0.0,0.0,0.0,0.0,DMA
2050,ssp370,0.0,0.0,0.0,0.0,0.0,0.0,DMA
2100,ssp370,0.0,0.0,0.0,0.0,0.0,0.0,DMA
2050,ssp585,0.0,0.0,0.0,0.0,0.0,0.0,DMA
2100,ssp585,0.0,0.0,0.0,0.0,0.0,0.0,DMA
hist,ERA-5,0.1365578166714094,0.0,0.0,0.0,0.0,0.0,TUV
2050,ssp245,2.196309691796734,0.0,0.0,0.0,0.0,0.0,TUV
2100,ssp245,0.0771918458297373,0.0,0.0,0.0,0.0,0.0,TUV
2050,ssp370,0.1392246661711112,0.0,0.0,0.0,0.0,0.0,TUV
2100,ssp370,2.8181224371394307,0.0,0.0,0.0,0.0,0.0,TUV
2050,ssp585,0.1365578166714094,0.0,0.0,0.0,0.0,0.0,TUV
2100,ssp585,1.9277450343840608,0.0,0.0,0.0,0.0,0.0,TUV
hist,ERA-5,0.0,0.0,0.0,0.0,0.0,0.0,ARE
2050,ssp245,0.0,0.0,0.0,0.0,0.0,0.0,ARE
2100,ssp245,0.0,0.0,0.0,0.0,0.0,0.0,ARE
2050,ssp370,0.0,0.0,0.0,0.0,0.0,0.0,ARE
2100,ssp370,0.0,0.0,0.0,0.0,0.0,0.0,ARE
2050,ssp585,0.0,0.0,0.0,0.0,0.0,0.0,ARE
2100,ssp585,0.0,0.0,0.0,0.0,0.0,0.0,ARE
hist,ERA-5,5.43634406574985,0.0,0.0,0.0,0.0,0.0,BGD
2050,ssp245,512.7099760588087,0.0,0.0,0.0,0.0,0.0,BGD
2100,ssp245,143.83758283968035,0.0,0.0,0.0,0.0,0.0,BGD
2050,ssp370,478.3015537166368,0.0,0.0,0.0,0.0,0.0,BGD
2100,ssp370,20.37856083237318,0.0,0.0,0.0,0.0,0.0,BGD
2050,ssp585,58.05160171305345,0.0,0.0,0.0,0.0,0.0,BGD
2100,ssp585,3115.3504991173063,0.0,0.0,0.0,0.0,44676.32799729233,BGD
hist,ERA-5,0.0,0.0,0.0,0.0,0.0,0.0,ETH
2050,ssp245,0.0,0.0,0.0,0.0,0.0,0.0,ETH
2100,ssp245,0.0,0.0,0.0,0.0,0.0,0.0,ETH
2050,ssp370,0.0,0.0,0.0,0.0,0.0,0.0,ETH
2100,ssp370,0.0,0.0,0.0,0.0,0.0,0.0,ETH
2050,ssp585,0.0,0.0,0.0,0.0,0.0,0.0,ETH
2100,ssp585,0.0,0.0,0.0,0.0,0.0,0.0,ETH
hist,ERA-5,0.0,0.0,0.0,0.0,0.0,0.0,KWT
2050,ssp245,0.0,0.0,0.0,0.0,0.0,0.0,KWT
2100,ssp245,0.0,0.0,0.0,0.0,0.0,0.0,KWT
2050,ssp370,0.0,0.0,0.0,0.0,0.0,0.0,KWT
2100,ssp370,0.0,0.0,0.0,0.0,0.0,0.0,KWT
2050,ssp585,0.0,0.0,0.0,0.0,0.0,0.0,KWT
2100,ssp585,0.0,0.0,0.0,0.0,0.0,0.0,KWT
hist,ERA-5,0.0,0.0,0.0,0.0,0.0,0.0,NAM
2050,ssp245,0.0,0.0,0.0,0.0,0.0,0.0,NAM
2100,ssp245,0.0,0.0,0.0,0.0,0.0,0.0,NAM
2050,ssp370,0.0,0.0,0.0,0.0,0.0,0.0,NAM
2100,ssp370,0.0,0.0,0.0,0.0,0.0,0.0,NAM
2050,ssp585,0.0,0.0,0.0,0.0,0.0,0.0,NAM
2100,ssp585,0.0,0.0,0.0,0.0,0.0,0.0,NAM
hist,ERA-5,0.0,0.0,0.0,0.0,0.0,0.0,ATG
2050,ssp245,0.0,0.0,0.0,0.0,0.0,0.0,ATG
2100,ssp245,0.0,0.0,0.0,0.0,0.0,0.0,ATG
2050,ssp370,0.0,0.0,0.0,0.0,0.0,0.0,ATG
2100,ssp370,0.0,0.0,0.0,0.0,0.0,0.0,ATG
2050,ssp585,0.0,0.0,0.0,0.0,0.0,0.0,ATG
2100,ssp585,0.0,0.0,0.0,0.0,0.0,0.0,ATG
hist,ERA-5,0.0,0.0,0.0,0.0,0.0,0.0,NGA
2050,ssp245,0.0,0.0,0.0,0.0,0.0,0.0,NGA
2100,ssp245,0.0,0.0,0.0,0.0,0.0,0.0,NGA
2050,ssp370,0.0,0.0,0.0,0.0,0.0,0.0,NGA
2100,ssp370,0.0,0.0,0.0,0.0,0.0,0.0,NGA
2050,ssp585,0.0,0.0,0.0,0.0,0.0,0.0,NGA
2100,ssp585,0.0,0.0,0.0,0.0,0.0,0.0,NGA
hist,ERA-5,0.0,0.0,0.0,0.0,0.0,0.0,BHR
2050,ssp245,0.0,0.0,0.0,0.0,0.0,0.0,BHR
2100,ssp245,0.0,0.0,0.0,0.0,0.0,0.0,BHR
2050,ssp370,0.0,0.0,0.0,0.0,0.0,0.0,BHR
2100,ssp370,0.0,0.0,0.0,0.0,0.0,0.0,BHR
2050,ssp585,0.0,0.0,0.0,0.0,0.0,0.0,BHR
2100,ssp585,0.0,0.0,0.0,0.0,0.0,0.0,BHR
hist,ERA-5,0.0,0.0,0.0,0.0,0.0,0.0,SEN
2050,ssp245,0.0,0.0,0.0,0.0,0.0,0.0,SEN
2100,ssp245,0.0,0.0,0.0,0.0,0.0,0.0,SEN
2050,ssp370,0.0,0.0,0.0,0.0,0.0,0.0,SEN
2100,ssp370,0.0,0.0,0.0,0.0,0.0,0.0,SEN
2050,ssp585,0.0,0.0,0.0,0.0,0.0,0.0,SEN
2100,ssp585,0.0,0.0,0.0,0.0,0.0,0.0,SEN
hist,ERA-5,0.0,0.0,0.0,0.0,0.0,0.0,RUS
2050,ssp585,0.0,0.0,0.0,0.0,0.0,0.0,RUS
2100,ssp585,0.0,0.0,0.0,0.0,0.0,0.0,RUS
hist,ERA-5,0.7488389944737962,0.0,0.0,0.0,0.0,0.0,VUT
2050,ssp245,19.89632415562771,0.0,0.0,0.0,0.0,146.75642014071468,VUT
2100,ssp245,0.7488389944737962,0.0,0.0,0.0,0.0,0.0,VUT
2050,ssp370,3.5025371714727807,0.0,0.0,0.0,0.0,74.91892568056467,VUT
2100,ssp370,2.844458903653811,0.0,0.0,0.0,0.0,0.0,VUT
2050,ssp585,5.423438737223253,0.0,0.0,0.0,0.0,3142.785152758003,VUT
2100,ssp585,3.688132551358721,0.0,0.0,0.0,0.0,0.0,VUT
hist,ERA-5,0.0,0.0,0.0,0.0,0.0,0.0,MRT
2050,ssp245,0.0,0.0,0.0,0.0,0.0,0.0,MRT
2100,ssp245,0.0,0.0,0.0,0.0,0.0,0.0,MRT
2050,ssp370,0.0,0.0,0.0,0.0,0.0,0.0,MRT
2100,ssp370,0.0,0.0,0.0,0.0,0.0,0.0,MRT
2050,ssp585,0.0,0.0,0.0,0.0,0.0,0.0,MRT
2100,ssp585,0.0,0.0,0.0,0.0,0.0,0.0,MRT
hist,ERA-5,0.0,0.0,0.0,0.0,0.0,0.0,LBN
2050,ssp245,0.0,0.0,0.0,0.0,0.0,0.0,LBN
2100,ssp245,0.0,0.0,0.0,0.0,0.0,0.0,LBN
2050,ssp370,0.0,0.0,0.0,0.0,0.0,0.0,LBN
2100,ssp370,0.0,0.0,0.0,0.0,0.0,0.0,LBN
2050,ssp585,0.0,0.0,0.0,0.0,0.0,0.0,LBN
2100,ssp585,0.0,0.0,0.0,0.0,0.0,0.0,LBN
hist,ERA-5,0.0,0.0,0.0,0.0,0.0,0.0,IRN
2050,ssp245,0.0,0.0,0.0,0.0,0.0,0.0,IRN
2100,ssp245,0.0,0.0,0.0,0.0,0.0,0.0,IRN
2050,ssp370,0.0,0.0,0.0,0.0,0.0,0.0,IRN
2100,ssp370,0.0,0.0,0.0,0.0,0.0,0.0,IRN
2050,ssp585,0.0,0.0,0.0,0.0,0.0,0.0,IRN
2100,ssp585,0.0,0.0,0.0,0.0,0.0,0.0,IRN
hist,ERA-5,0.0080999690540167,0.0,0.0,0.0,0.0,0.0,GTM
2050,ssp245,0.0080999690540167,0.0,0.0,0.0,0.0,0.0,GTM
2100,ssp245,0.0080999690540167,0.0,0.0,0.0,0.0,0.0,GTM
2050,ssp370,0.0080999690540167,0.0,0.0,0.0,0.0,0.0,GTM
2100,ssp370,0.0080999690540167,0.0,0.0,0.0,0.0,0.0,GTM
2050,ssp585,0.0080999690540167,0.0,0.0,0.0,0.0,0.0,GTM
2100,ssp585,0.0080999690540167,0.0,0.0,0.0,0.0,0.0,GTM
hist,ERA-5,0.0,0.0,0.0,0.0,0.0,0.0,LAO
2050,ssp245,0.0,0.0,0.0,0.0,0.0,0.0,LAO
2100,ssp245,0.0,0.0,0.0,0.0,0.0,0.0,LAO
2050,ssp370,0.0,0.0,0.0,0.0,0.0,0.0,LAO
2100,ssp370,0.0,0.0,0.0,0.0,0.0,0.0,LAO
2050,ssp585,0.0,0.0,0.0,0.0,0.0,0.0,LAO
2100,ssp585,5.922934749902662,0.0,0.0,0.0,0.0,32.43561048987348,LAO
hist,ERA-5,81.86887203703209,0.0,0.0,0.0,0.0,0.0,JAM
2050,ssp245,81.86887203703209,0.0,0.0,0.0,0.0,0.0,JAM
2100,ssp245,81.86887203703209,0.0,0.0,0.0,0.0,0.0,JAM
2050,ssp370,81.86887203703209,0.0,0.0,0.0,0.0,0.0,JAM
2100,ssp370,81.86887203703209,0.0,0.0,0.0,0.0,0.0,JAM
2050,ssp585,81.86887203703209,0.0,0.0,0.0,0.0,0.0,JAM
2100,ssp585,81.86887203703209,0.0,0.0,0.0,0.0,0.0,JAM
hist,ERA-5,0.0,0.0,0.0,0.0,0.0,0.0,LBR
2050,ssp245,0.0,0.0,0.0,0.0,0.0,0.0,LBR
2100,ssp245,0.0,0.0,0.0,0.0,0.0,0.0,LBR
2050,ssp370,0.0,0.0,0.0,0.0,0.0,0.0,LBR
2100,ssp370,0.0,0.0,0.0,0.0,0.0,0.0,LBR
2050,ssp585,0.0,0.0,0.0,0.0,0.0,0.0,LBR
2100,ssp585,0.0,0.0,0.0,0.0,0.0,0.0,LBR
hist,ERA-5,822.2978931345189,0.0,0.0,0.0,0.0,13841.600667440842,TZA
2050,ssp245,3085.522392198918,0.0,0.0,8158.937748041073,58763.131475863775,164946.9975656169,TZA
2100,ssp245,5907.652653556393,0.0,0.0,14138.84266131162,78706.42116769933,406598.392821756,TZA
2050,ssp370,3208.8577787218,0.0,0.0,5589.385405516578,47933.185161108006,181154.1458291961,TZA
2100,ssp370,7372.400265065774,0.0,0.0,54163.95547183339,203343.2967615851,513157.16645887896,TZA
2050,ssp585,2224.1459810764795,0.0,0.0,0.0,61472.595889425065,211776.2391166804,TZA
2100,ssp585,7983.460337528832,0.0,0.0,63080.0399293758,199170.1026666653,480883.9358860543,TZA
hist,ERA-5,48.55438409766396,0.0,0.0,0.0,0.0,0.0,HND
2050,ssp245,79.7295657938617,0.0,0.0,0.0,0.0,0.0,HND
2100,ssp245,48.55438409766396,0.0,0.0,0.0,0.0,0.0,HND
2050,ssp370,48.55438409766396,0.0,0.0,0.0,0.0,0.0,HND
2100,ssp370,48.55438409766396,0.0,0.0,0.0,0.0,0.0,HND
2050,ssp585,58.55511280859838,0.0,0.0,0.0,0.0,0.0,HND
2100,ssp585,63.05695876724255,0.0,0.0,0.0,0.0,42.36492361048485,HND
hist,ERA-5,0.0,0.0,0.0,0.0,0.0,0.0,BHS
2050,ssp245,0.5440444012016572,0.0,0.0,0.0,0.0,0.0,BHS
2100,ssp245,0.5085093253226345,0.0,0.0,0.0,0.0,0.0,BHS
2050,ssp370,0.0,0.0,0.0,0.0,0.0,0.0,BHS
2100,ssp370,0.0535010519191397,0.0,0.0,0.0,0.0,0.0,BHS
2050,ssp585,5.729636936977613,0.0,0.0,0.0,0.0,0.0,BHS
2100,ssp585,12.761701471802295,0.0,0.0,0.0,0.0,56.53592310031632,BHS
hist,ERA-5,0.0,0.0,0.0,0.0,0.0,0.0,WLF
2050,ssp245,0.0,0.0,0.0,0.0,0.0,0.0,WLF
2100,ssp245,0.0,0.0,0.0,0.0,0.0,0.0,WLF
2050,ssp370,0.0,0.0,0.0,0.0,0.0,0.0,WLF
2100,ssp370,0.0,0.0,0.0,0.0,0.0,0.0,WLF
2050,ssp585,0.0,0.0,0.0,0.0,0.0,0.0,WLF
2100,ssp585,0.0,0.0,0.0,0.0,0.0,0.0,WLF
hist,ERA-5,0.0,0.0,0.0,0.0,0.0,0.0,LKA
2050,ssp245,176.32195926478153,0.0,0.0,0.0,0.0,0.0,LKA
2100,ssp245,64.44438791491928,0.0,0.0,0.0,0.0,0.0,LKA
2050,ssp370,0.1711675816269409,0.0,0.0,0.0,0.0,0.0,LKA
2100,ssp370,253.41070433548748,0.0,0.0,0.0,0.0,0.0,LKA
2050,ssp585,0.5618444715854117,0.0,0.0,0.0,0.0,0.0,LKA
2100,ssp585,727.552891087519,0.0,0.0,0.0,0.0,151.51869355852753,LKA
hist,ERA-5,2113.9126879772643,0.0,0.0,0.0,0.0,46678.131217854745,THA
2050,ssp245,6054.85069356332,0.0,0.0,21601.57114359525,203593.22300209955,377366.6700600851,THA
2100,ssp245,16712.38352818215,0.0,39.70712251338406,106141.5265123274,425028.27480365615,1104962.876062977,THA
2050,ssp370,9133.23826660297,0.0,0.0,1893.277193712365,150133.8058212147,863132.3430504184,THA
2100,ssp370,14784.876122213303,0.0,20.868554314590483,167125.34720824863,512094.1827794323,1124037.2803193743,THA
2050,ssp585,13016.093772185024,0.0,0.0,56510.53760103125,250023.16418766163,1466726.8961815576,THA
2100,ssp585,20151.717015354523,0.0,93962.04683883813,309317.3479049433,578407.0559202855,1338347.6400721094,THA
hist,ERA-5,12.950653712242495,0.0,0.0,0.0,0.0,0.0,KEN
2050,ssp245,12.950653712242495,0.0,0.0,0.0,0.0,0.0,KEN
2100,ssp245,35.805342928675785,0.0,0.0,0.0,0.0,0.0,KEN
2050,ssp370,12.950653712242495,0.0,0.0,0.0,0.0,0.0,KEN
2100,ssp370,12.950653712242495,0.0,0.0,0.0,0.0,0.0,KEN
2050,ssp585,12.950653712242495,0.0,0.0,0.0,0.0,0.0,KEN
2100,ssp585,12.950653712242495,0.0,0.0,0.0,0.0,0.0,KEN
hist,ERA-5,0.0,0.0,0.0,0.0,0.0,0.0,KOR
2050,ssp245,0.0,0.0,0.0,0.0,0.0,0.0,KOR
2100,ssp245,0.0,0.0,0.0,0.0,0.0,0.0,KOR
2050,ssp370,0.0,0.0,0.0,0.0,0.0,0.0,KOR
2100,ssp370,0.0,0.0,0.0,0.0,0.0,0.0,KOR
2050,ssp585,0.0,0.0,0.0,0.0,0.0,0.0,KOR
2100,ssp585,0.0,0.0,0.0,0.0,0.0,0.0,KOR
hist,ERA-5,0.0,0.0,0.0,0.0,0.0,0.0,ZAF
2050,ssp245,0.0,0.0,0.0,0.0,0.0,0.0,ZAF
2100,ssp245,0.0,0.0,0.0,0.0,0.0,0.0,ZAF
2050,ssp370,0.0,0.0,0.0,0.0,0.0,0.0,ZAF
2100,ssp370,0.0,0.0,0.0,0.0,0.0,0.0,ZAF
2050,ssp585,0.0,0.0,0.0,0.0,0.0,0.0,ZAF
2100,ssp585,0.0,0.0,0.0,0.0,0.0,0.0,ZAF
hist,ERA-5,0.0,0.0,0.0,0.0,0.0,0.0,LUX
2050,ssp245,0.0,0.0,0.0,0.0,0.0,0.0,LUX
2100,ssp245,0.0,0.0,0.0,0.0,0.0,0.0,LUX
2050,ssp370,0.0,0.0,0.0,0.0,0.0,0.0,LUX
2100,ssp370,0.0,0.0,0.0,0.0,0.0,0.0,LUX
2050,ssp585,0.0,0.0,0.0,0.0,0.0,0.0,LUX
2100,ssp585,0.0,0.0,0.0,0.0,0.0,0.0,LUX
hist,ERA-5,0.0,0.0,0.0,0.0,0.0,0.0,SWZ
2050,ssp245,0.0,0.0,0.0,0.0,0.0,0.0,SWZ
2100,ssp245,0.0,0.0,0.0,0.0,0.0,0.0,SWZ
2050,ssp370,0.0,0.0,0.0,0.0,0.0,0.0,SWZ
2100,ssp370,0.0,0.0,0.0,0.0,0.0,0.0,SWZ
2050,ssp585,0.0,0.0,0.0,0.0,0.0,0.0,SWZ
2100,ssp585,0.0,0.0,0.0,0.0,0.0,0.0,SWZ
hist,ERA-5,0.0,0.0,0.0,0.0,0.0,0.0,LSO
2050,ssp245,0.0,0.0,0.0,0.0,0.0,0.0,LSO
2100,ssp245,0.0,0.0,0.0,0.0,0.0,0.0,LSO
2050,ssp370,0.0,0.0,0.0,0.0,0.0,0.0,LSO
2100,ssp370,0.0,0.0,0.0,0.0,0.0,0.0,LSO
2050,ssp585,0.0,0.0,0.0,0.0,0.0,0.0,LSO
2100,ssp585,0.0,0.0,0.0,0.0,0.0,0.0,LSO
hist,ERA-5,0.0,0.0,0.0,0.0,0.0,0.0,AFG
2050,ssp245,0.0,0.0,0.0,0.0,0.0,0.0,AFG
2100,ssp245,0.0,0.0,0.0,0.0,0.0,0.0,AFG
2050,ssp370,0.0,0.0,0.0,0.0,0.0,0.0,AFG
2100,ssp370,0.0,0.0,0.0,0.0,0.0,0.0,AFG
2050,ssp585,0.0,0.0,0.0,0.0,0.0,0.0,AFG
2100,ssp585,0.0,0.0,0.0,0.0,0.0,0.0,AFG
hist,ERA-5,0.0,0.0,0.0,0.0,0.0,0.0,PAN
2050,ssp245,0.0,0.0,0.0,0.0,0.0,0.0,PAN
2100,ssp245,0.0,0.0,0.0,0.0,0.0,0.0,PAN
2050,ssp370,0.0,0.0,0.0,0.0,0.0,0.0,PAN
2100,ssp370,0.0,0.0,0.0,0.0,0.0,0.0,PAN
2050,ssp585,0.0,0.0,0.0,0.0,0.0,0.0,PAN
2100,ssp585,0.0,0.0,0.0,0.0,0.0,0.0,PAN
hist,ERA-5,0.0,0.0,0.0,0.0,0.0,0.0,ZMB
2050,ssp245,0.0,0.0,0.0,0.0,0.0,0.0,ZMB
2100,ssp245,0.0,0.0,0.0,0.0,0.0,0.0,ZMB
2050,ssp370,0.0,0.0,0.0,0.0,0.0,0.0,ZMB
2100,ssp370,0.0,0.0,0.0,0.0,0.0,0.0,ZMB
2050,ssp585,0.0,0.0,0.0,0.0,0.0,0.0,ZMB
2100,ssp585,0.0,0.0,0.0,0.0,0.0,0.0,ZMB
hist,ERA-5,0.0,0.0,0.0,0.0,0.0,0.0,SXM
2050,ssp245,0.0,0.0,0.0,0.0,0.0,0.0,SXM
2100,ssp245,0.0,0.0,0.0,0.0,0.0,0.0,SXM
2050,ssp370,0.0,0.0,0.0,0.0,0.0,0.0,SXM
2100,ssp370,0.0,0.0,0.0,0.0,0.0,0.0,SXM
2050,ssp585,0.0,0.0,0.0,0.0,0.0,0.0,SXM
2100,ssp585,0.0,0.0,0.0,0.0,0.0,0.0,SXM
hist,ERA-5,0.0,0.0,0.0,0.0,0.0,0.0,NZL
2050,ssp245,0.0,0.0,0.0,0.0,0.0,0.0,NZL
2100,ssp245,0.0,0.0,0.0,0.0,0.0,0.0,NZL
2050,ssp370,0.0,0.0,0.0,0.0,0.0,0.0,NZL
2100,ssp370,0.0,0.0,0.0,0.0,0.0,0.0,NZL
2050,ssp585,0.0,0.0,0.0,0.0,0.0,0.0,NZL
2100,ssp585,0.0,0.0,0.0,0.0,0.0,0.0,NZL
hist,ERA-5,0.0,0.0,0.0,0.0,0.0,0.0,NPL
2050,ssp245,0.0,0.0,0.0,0.0,0.0,0.0,NPL
2100,ssp245,0.0,0.0,0.0,0.0,0.0,0.0,NPL
2050,ssp370,0.0,0.0,0.0,0.0,0.0,0.0,NPL
2100,ssp370,0.0,0.0,0.0,0.0,0.0,0.0,NPL
2050,ssp585,0.0,0.0,0.0,0.0,0.0,0.0,NPL
2100,ssp585,0.0,0.0,0.0,0.0,0.0,0.0,NPL
hist,ERA-5,0.0,0.0,0.0,0.0,0.0,0.0,COL
2050,ssp245,0.0,0.0,0.0,0.0,0.0,0.0,COL
2100,ssp245,0.0,0.0,0.0,0.0,0.0,0.0,COL
2050,ssp370,0.0,0.0,0.0,0.0,0.0,0.0,COL
2100,ssp370,0.0,0.0,0.0,0.0,0.0,0.0,COL
2050,ssp585,0.0,0.0,0.0,0.0,0.0,0.0,COL
2100,ssp585,0.0,0.0,0.0,0.0,0.0,0.0,COL
