admin0,AAD,PMD_10,PMD_25,PMD_50,PMD_100,scenario,year
AFG,107671.195,295098.587,424990.285,1770780.235,2574612.047,current,2020
AFG,613913.282,2658115.136,4501747.056,5400958.463,6001271.681,optimistic,2050
AFG,657233.99,3001173.573,4634733.14,5523290.632,6126149.418,pessimistic,2050
AFG,678235.881,3074140.037,4851889.607,5692478.582,6289672.095,optimistic,2100
AFG,1016632.184,5505398.806,6493970.561,6814150.404,7005047.252,pessimistic,2100
AGO,75416.989,202061.485,299220.516,1256624.797,1810952.41,current,2020
AGO,79019.865,200580.169,543244.791,1039267.36,1644670.965,optimistic,2050
AGO,92757.551,218268.975,705091.892,1220229.416,1832238.996,pessimistic,2050
AGO,89891.825,227485.188,668874.503,1167066.034,1704700.488,optimistic,2100
AGO,190368.794,673655.978,1428261.559,1996162,2594949.384,pessimistic,2100
ALB,4.504,3.316,11.216,108.115,156.139,current,2020
ALB,4.121,7.956,23.304,66.708,105.9,optimistic,2050
ALB,9.027,13.905,73.69,140.731,187.475,pessimistic,2050
ALB,7.429,10.312,52.582,124.974,179.552,optimistic,2100
ALB,26.955,108.497,200.931,255.105,296.622,pessimistic,2100
ARE,24.091,0,18.488,678.981,977.155,current,2020
ARE,380.219,1924.013,2593.025,2781.011,2847.685,optimistic,2050
ARE,485.4,2825.06,2890.034,2905.41,2918.468,pessimistic,2050
ARE,439.516,2432.628,2764.057,2847.491,2874.07,optimistic,2100
ARE,496.072,2913.716,2924.298,2924.298,2924.298,pessimistic,2100
ARG,1960.398,2021.939,5338.589,44831.6,64802.823,current,2020
ARG,4396.312,10607.09,34621.011,57718.86,79638.49,optimistic,2050
ARG,4067.633,11514.082,30827.406,50220.494,67871.843,pessimistic,2050
ARG,3876.907,8540.381,30063.838,53578.832,74873.834,optimistic,2100
ARG,4533.87,14275.601,33669.374,52292.675,71368.144,pessimistic,2100
ARM,8.146,0,5.918,229.508,331.894,current,2020
ARM,20.153,16.876,142.644,377.617,520.718,optimistic,2050
ARM,15.479,0.724,130.201,299.669,420.554,pessimistic,2050
ARM,13.842,14.102,34.101,323.41,459.936,optimistic,2100
ARM,38.351,28.557,406.997,587.523,746.502,pessimistic,2100
AUS,319.806,0,376.416,8839.686,12795.581,current,2020
AUS,2314.161,9588.601,16680.133,21755.774,25297.959,optimistic,2050
AUS,3448.094,16995.237,23340.01,26404.888,28687.229,pessimistic,2050
AUS,2539.325,10612.328,18708.882,23161.674,26650.393,optimistic,2100
AUS,4170.501,21931.467,26898.052,29419.872,31303.519,pessimistic,2100
AUT,20.724,0,16.114,582.935,842.085,current,2020
AUT,36.866,2.897,297.839,723.694,1018.891,optimistic,2050
AUT,29.01,9.309,234.498,505.362,859.197,pessimistic,2050
AUT,77.32,132.26,722.28,1077.738,1364.776,optimistic,2100
AUT,144.381,459.601,1197.693,1583.432,1884.455,pessimistic,2100
AZE,37.054,0,44.364,1023.803,1480.331,current,2020
AZE,89.017,112.425,722.096,1462.307,1964.421,optimistic,2050
AZE,290.752,1084.951,2286.753,2893.155,3292.324,pessimistic,2050
AZE,93.495,121.262,846.852,1427.505,1894.444,optimistic,2100
AZE,382.837,1699.034,2784.912,3282.503,3588.667,pessimistic,2100
BDI,48153.236,0,40271.13,1353736.578,1946765.974,current,2020
BDI,441747.085,2227364.262,2960251.846,3288434.263,3483189.938,optimistic,2050
BDI,431486.796,2129385.775,2922452.388,3313619.827,3537772.651,pessimistic,2050
BDI,426251.871,2110832.934,2875196.532,3261533.059,3493005.483,optimistic,2100
BDI,564971.696,3075158.881,3578589.513,3767328.905,3896564.931,pessimistic,2100
BEL,5.568,0,4.287,156.511,226.634,current,2020
BEL,16.46,1.04,174.88,281.651,372.803,optimistic,2050
BEL,0.913,0,0.29,7.465,75.202,pessimistic,2050
BEL,9.013,0,55.87,200.483,276.866,optimistic,2100
BEL,19.315,3.779,217.179,313.106,398.82,pessimistic,2100
BEN,38591.077,100143.758,148104.311,656822.827,951607.234,current,2020
BEN,75674.745,175799.126,607575.999,1007661.068,1363857.093,optimistic,2050
BEN,69402.061,136362.79,547317.43,1006477.626,1374353.236,pessimistic,2050
BEN,68223.299,162775.702,523373.135,919884.414,1261311.471,optimistic,2100
BEN,176277.392,655578.821,1370660.266,1780801.397,2027707.18,pessimistic,2100
BFA,95007.32,187842.534,319954.693,1841375.591,2659736.704,current,2020
BFA,136697.743,213727.018,1054166.935,2079797.348,3156241.714,optimistic,2050
BFA,152465.484,252523.099,1199986.832,2310503.292,3300363.457,pessimistic,2050
BFA,145287.288,245601.751,1041077.264,2296422.938,3315556.333,optimistic,2100
BFA,379698.402,1005856.347,3288375.747,4589648.999,5578475.698,pessimistic,2100
BGD,302.687,217.294,743.967,7295.039,10529.781,current,2020
BGD,189.712,183.06,1244.532,3569.761,5022.935,optimistic,2050
BGD,395.045,349.527,3124.615,6597.637,10315.523,pessimistic,2050
BGD,224.912,220.614,1295.403,4008.811,7085.784,optimistic,2100
BGD,268.139,166.906,1969.636,4433.845,8398.632,pessimistic,2100
BGR,410.575,0.009,643.586,11152.319,16178.464,current,2020
BGR,534.24,741.443,3992.177,8172.228,13696.391,optimistic,2050
BGR,1785.165,4761.396,15629.315,21203.373,25978.533,pessimistic,2050
BGR,1077.653,2473.065,8198.661,14857.484,20525.062,optimistic,2100
BGR,4136.543,19280.773,28850.571,33852.89,37738.496,pessimistic,2100
BHR,0,0,0,0,0,current,2020
BHR,0,0,0,0,0,optimistic,2050
BHR,0,0,0,0,0,pessimistic,2050
BHR,0,0,0,0,0,optimistic,2100
BHR,0,0,0,0,0,pessimistic,2100
BHS,0.006,0,0.01,0.175,0.255,current,2020
BHS,0.007,0,0.011,0.201,0.293,optimistic,2050
BHS,0.025,0.004,0.258,0.418,0.567,pessimistic,2050
BHS,0.007,0,0.011,0.2,0.293,optimistic,2100
BHS,0.023,0.006,0.25,0.383,0.504,pessimistic,2100
BIH,220.087,0,263.54,6086.461,8781.59,current,2020
BIH,333.719,114.766,2353.605,6768.333,9273.18,optimistic,2050
BIH,473.23,979.485,3567.081,6766.034,9727.792,pessimistic,2050
BIH,503.779,388.635,4387.241,8738.41,11465.76,optimistic,2100
BIH,2081.035,9571.364,14611.422,17306.668,19330.813,pessimistic,2100
BLR,1065.492,0,869.953,29928.749,43211.848,current,2020
BLR,574.7,0.146,2024.676,11914.579,25540.671,optimistic,2050
BLR,1262.355,2.314,5653.09,28319.458,46961.093,pessimistic,2050
BLR,228.898,0,61.384,2697.169,17249.922,optimistic,2100
BLR,1633.455,33.239,11617.731,33880.394,48781.414,pessimistic,2100
BLZ,57.796,82.572,168.984,1243.606,1790.775,current,2020
BLZ,124.256,110.523,1094.691,2062.014,2817.603,optimistic,2050
BLZ,124.257,110.523,1094.698,2062.027,2817.618,pessimistic,2050
BLZ,212.576,654.412,1722.446,2455.912,2911.815,optimistic,2100
BLZ,212.577,654.415,1722.455,2455.923,2911.835,pessimistic,2100
BOL,1142.358,0,975.73,31977.583,46377.688,current,2020
BOL,3544.933,11149.474,27286.031,40423.767,53006.871,optimistic,2050
BOL,3535.803,10748.482,28478.748,40369.102,51442.241,pessimistic,2050
BOL,3149.118,9251.076,24093.812,38387.427,49250.976,optimistic,2100
BOL,5128.385,19410.55,38451.691,50650.849,63624.496,pessimistic,2100
BRA,15598.65,11392.023,39433.193,372825.527,542560.908,current,2020
BRA,36398.709,94554.445,287237.158,459921.668,625534.513,optimistic,2050
BRA,41953.032,127383.921,316872.804,494654.375,664664.012,pessimistic,2050
BRA,42230.263,136035.984,320551.551,476522.076,627416.121,optimistic,2100
BRA,67062.6,259948.004,489174.519,663965.957,822149.924,pessimistic,2100
BTN,3.507,0,2.599,96.284,147.766,current,2020
BTN,2.795,0.064,23.214,43.611,98.774,optimistic,2050
BTN,0.054,0,0.013,0.72,3.955,pessimistic,2050
BTN,4.081,0.375,29.615,73.898,138.087,optimistic,2100
BTN,0.488,0.019,0.926,6.413,32.039,pessimistic,2100
BWA,97.375,205.437,349.892,1744.936,2793.678,current,2020
BWA,902.849,4331.58,6292.053,7127.377,7546.133,optimistic,2050
BWA,824.696,3744.383,5983.241,6855.327,7382.18,pessimistic,2050
BWA,935.898,4616.555,6410.281,7128.999,7525.126,optimistic,2100
BWA,1250.866,6990.658,7845.644,7921.139,7955.171,pessimistic,2100
CAF,20702.943,59354.183,87069.669,325031.886,478410.055,current,2020
CAF,19036.384,53776.874,129934.464,240802.884,364525.993,optimistic,2050
CAF,23334.252,58559.764,166056.963,308058.456,467482.746,pessimistic,2050
CAF,22529.409,61818.862,157221.68,283990.84,437883.9,optimistic,2100
CAF,57211.836,187692.262,443641.598,634935.202,799824.195,pessimistic,2100
CAN,35.438,0,27.908,985.066,1462.033,current,2020
CAN,21.514,2.025,105.954,421.395,864.564,optimistic,2050
CAN,22.284,5.477,101.8,426.103,914.249,pessimistic,2050
CAN,12.927,0.888,35.45,255.957,630.109,optimistic,2100
CAN,23.513,29.314,168.109,350.157,685.405,pessimistic,2100
CHE,3.219,0,2.317,90.643,131.322,current,2020
CHE,8.483,11.536,66.222,139.14,189.784,optimistic,2050
CHE,5.813,2.62,42.29,107.017,171.93,pessimistic,2050
CHE,15.69,30.667,145.236,209.175,263.058,optimistic,2100
CHE,34.552,137.918,258.78,331.034,378.842,pessimistic,2100
CHL,18.635,0,29.742,505.435,733.701,current,2020
CHL,110.342,422.699,832.806,1100.015,1275.97,optimistic,2050
CHL,130.178,572.956,932.725,1136.045,1285.232,pessimistic,2050
CHL,102.869,381.72,783.498,1050.763,1234.208,optimistic,2100
CHL,254.888,1345.537,1648.269,1783.953,1872.428,pessimistic,2100
CHN,1116.258,0,865.951,31268.223,45625.515,current,2020
CHN,4212.572,10105.536,35038.728,54511.198,71024.558,optimistic,2050
CHN,4749.637,12918.495,38278.763,58594.681,75474.36,pessimistic,2050
CHN,4294.552,10185.811,35628.379,56036.367,73010.872,optimistic,2100
CHN,6987.815,23865.277,54867.43,75080.855,90497.296,pessimistic,2100
CIV,44052.255,58449.493,129173.955,954101.844,1395831.081,current,2020
CIV,86193.271,126721.045,717478.475,1316930.684,1848341.377,optimistic,2050
CIV,119776.801,301131.733,990819.018,1517325.995,1968434.727,pessimistic,2050
CIV,69113.777,89932.212,556192.063,1085537.391,1616212.541,optimistic,2100
CIV,264948.821,1013819.152,2034594.983,2603674.29,3010962.038,pessimistic,2100
CMR,91298.737,182427.435,309589.823,1762112.93,2543014.215,current,2020
CMR,74582.742,168106.503,529997.205,996520.679,1664178.946,optimistic,2050
CMR,59229.194,124320.943,383575.961,829293.682,1486818.774,pessimistic,2050
CMR,65498.749,161530.433,437728.791,867709.317,1448236.806,optimistic,2100
CMR,125620.534,289144.558,916204.7,1766122.873,2473543.278,pessimistic,2100
COD,277221.149,751910.887,1086716.056,4606738.687,6642664.409,current,2020
COD,852486.058,3280838.947,6345394.653,8414918.033,10228801.69,optimistic,2050
COD,670337.293,2545509.239,4834765.263,6836508.283,8566559.283,pessimistic,2050
COD,759384.902,2886356.389,5505148.72,7721305.033,9611721.375,optimistic,2100
COD,1462037.462,6687785.541,10270770.04,12268859.21,13705092.21,pessimistic,2100
COG,6126.742,18794.59,25704.251,93245.384,135420.537,current,2020
COG,6593.169,18332.404,40524.465,89122.707,135649.621,optimistic,2050
COG,5147.26,16896.645,36369.835,58403.301,83473.649,pessimistic,2050
COG,6145.317,19032.682,36027.79,70587.227,138919.283,optimistic,2100
COG,13606.216,42697.595,99223.143,163156.252,210440.554,pessimistic,2100
COL,137.054,0,113.618,3850.202,5550.556,current,2020
COL,559.403,2059.557,4142.696,5785.613,7202.745,optimistic,2050
COL,424.16,1621.657,3069.35,4271.422,5379.172,pessimistic,2050
COL,538.679,1787.029,4141.522,5944.505,7542.548,optimistic,2100
COL,1641.921,8251.401,11003.699,12247.259,13168.735,pessimistic,2100
COM,974.412,2652.898,3803.5,16225.25,23247.758,current,2020
COM,556.632,2769.866,3443.274,3845.093,6501.282,optimistic,2050
COM,951.348,3169.257,3928.022,14533.285,18663.555,pessimistic,2050
COM,711.772,2955.405,3653.5,5990.715,15027.725,optimistic,2100
COM,744.483,3124.37,3778.197,6166.363,15759.048,pessimistic,2100
CPV,0,0,0,0,0,current,2020
CPV,0,0,0,0,0,optimistic,2050
CPV,0,0,0,0,0,pessimistic,2050
CPV,0,0,0,0,0,optimistic,2100
CPV,0,0,0,0,0,pessimistic,2100
CRI,7.086,0,11.365,192.304,278.53,current,2020
CRI,0.024,0,0,0.097,2.201,optimistic,2050
CRI,0.024,0,0,0.097,2.201,pessimistic,2050
CRI,0.061,0,0.021,0.629,4.752,optimistic,2100
CRI,0.061,0,0.021,0.629,4.752,pessimistic,2100
CUB,375.465,0,293.432,10532.141,15308.444,current,2020
CUB,2155.829,6388.942,17833.962,25061.247,30235.107,optimistic,2050
CUB,1616.169,3310.603,14811.791,21362.257,26539.222,pessimistic,2050
CUB,1582.823,3446.512,14110.747,20747.465,25879.238,optimistic,2100
CUB,4464.557,20192.097,32474.391,37352.595,39931.929,pessimistic,2100
CYP,1.294,0,0.989,36.459,52.57,current,2020
CYP,21.24,108.487,144.424,153.576,154.32,optimistic,2050
CYP,24.046,135.923,147.191,151.148,154.32,pessimistic,2050
CYP,22.333,118.623,147.094,152.188,154.32,optimistic,2100
CYP,26.175,153.729,154.32,154.32,154.32,pessimistic,2100
CZE,17.321,0,14.63,487.539,698.496,current,2020
CZE,19.967,0.924,140.569,387.508,650.212,optimistic,2050
CZE,21.93,8.099,173.585,401.253,615.211,pessimistic,2050
CZE,30.766,9.984,272.263,547.144,793.409,optimistic,2100
CZE,89.55,246.429,772.446,1054.649,1291.579,pessimistic,2100
DEU,59.279,0,44.91,1667.585,2413.085,current,2020
DEU,45.633,15.609,292.243,879.428,1479.331,optimistic,2050
DEU,46.333,0.8,242.21,911.456,1833.535,pessimistic,2050
DEU,70.104,37.279,569.02,1235.608,1890.301,optimistic,2100
DEU,236.741,649.99,1845.72,2908.957,3973.409,pessimistic,2100
DJI,619.636,985.83,1896.417,12992.571,18534.467,current,2020
DJI,3234.906,8607.5,28800.522,38350.248,45512.979,optimistic,2050
DJI,5696.903,26580.392,40590.243,46175.612,49174.191,pessimistic,2050
DJI,5441.27,24198.044,39517.157,47008.952,50059.996,optimistic,2100
DJI,7196.926,37584.83,48039.67,50536.933,50611.725,pessimistic,2100
DMA,0,0,0,0,0,current,2020
DMA,0,0,0,0,0,optimistic,2050
DMA,0,0,0,0,0,pessimistic,2050
DMA,0,0,0,0,0,optimistic,2100
DMA,0,0,0,0,0,pessimistic,2100
DNK,13.961,0,15.862,389.992,552.657,current,2020
DNK,16.302,0.013,94.497,361.554,528.937,optimistic,2050
DNK,6.827,0,11.731,145.087,345.591,pessimistic,2050
DNK,8.684,0,36.489,179.748,362.924,optimistic,2100
DNK,13.819,0.149,57.049,319.123,513.943,pessimistic,2100
DOM,125.979,217.922,397.302,2571.926,3685.611,current,2020
DOM,326.113,886.59,2580.073,4106.907,5211.295,optimistic,2050
DOM,286.193,594.578,2406.432,3895.554,5256.696,pessimistic,2050
DOM,310.274,662.405,2657.398,4244.508,5284.765,optimistic,2100
DOM,1047.892,4913.799,7543.031,8358.552,8761.983,pessimistic,2100
DZA,5698.416,0.481,9047.438,154943.023,223760.967,current,2020
DZA,50828.103,235939.155,354824.561,419495.736,465129.067,optimistic,2050
DZA,58817.343,278572.618,407442.981,473303.564,519629.065,pessimistic,2050
DZA,50750.192,228218.365,361967.861,433205.755,478552.595,optimistic,2100
DZA,95901.41,535782.181,595906.413,613561.846,621569.866,pessimistic,2100
ECU,579.924,599.464,1543.857,13351.307,19119.756,current,2020
ECU,1369.43,1873.695,11893.437,20984.771,28662.76,optimistic,2050
ECU,671.433,1213.506,4568.119,9949.556,16836.607,pessimistic,2050
ECU,617.199,1245.359,3587.089,8529.858,17858.223,optimistic,2100
ECU,996.047,4027.676,6971.571,9272.668,12896.317,pessimistic,2100
EGY,803.593,337.041,1810.555,20281.332,29184.021,current,2020
EGY,7892.156,37238.361,55871.98,62955.926,67432.197,optimistic,2050
EGY,8168.954,41395.512,54586.867,60415.092,63762.622,pessimistic,2050
EGY,8364.925,39551.473,60073.889,65656.495,69369.252,optimistic,2100
EGY,11495.972,64539.813,70516.291,73399.838,75334.185,pessimistic,2100
ERI,11252.707,0,16441.414,308589.713,442325.616,current,2020
ERI,18738.288,31034.841,153131.67,277590.501,395772.734,optimistic,2050
ERI,36625.613,117946.893,290997.272,401725.967,515651.301,pessimistic,2050
ERI,25238.431,60550.809,196431.798,342690.695,447226.463,optimistic,2100
ERI,84904.73,392274.517,592938.612,706117.688,783737.974,pessimistic,2100
ESH,0,0,0,0,0,current,2020
ESH,0,0,0,0,0,optimistic,2050
ESH,0,0,0,0,0,pessimistic,2050
ESH,0,0,0,0,0,optimistic,2100
ESH,0,0,0,0,0,pessimistic,2100
ESP,102.461,0,75.887,2876.21,4190.152,current,2020
ESP,910.694,3870.568,6653.501,8186.796,9376.112,optimistic,2050
ESP,1313.242,6091.922,9292.737,10819.623,11594.757,pessimistic,2050
ESP,727.199,2674.519,5662.219,7343.325,8639.15,optimistic,2100
ESP,1892.637,10574.485,11795.198,12068.102,12201.862,pessimistic,2100
EST,4.918,0,6.039,136.327,194.961,current,2020
EST,2.911,0,10.162,52.026,146.363,optimistic,2050
EST,1.124,0,0.209,16.216,79.154,pessimistic,2050
EST,0.87,0,0.202,9.622,66.946,optimistic,2100
EST,2.786,0,3.545,56.879,150.619,pessimistic,2100
ETH,393310.086,769836.595,1434993.558,7530372.741,10831922.97,current,2020
ETH,1007000.117,3430153.199,7680283.8,10923779.78,13829784.98,optimistic,2050
ETH,1298020.664,5183741.1,9517678.858,12475666.45,14942607.07,pessimistic,2050
ETH,1165506.651,4334577.382,8627016.613,11959586.02,14777652.77,optimistic,2100
ETH,1983349.44,8997219.578,13867322,16871135.14,19151189.92,pessimistic,2100
FIN,227.35,0,273.133,6191.102,9260.274,current,2020
FIN,129.586,6.337,818.743,2575.119,4470.045,optimistic,2050
FIN,7.615,0,5.4,64.145,611.642,pessimistic,2050
FIN,52.642,0.685,72.478,834.042,3299.349,optimistic,2100
FIN,12.553,0,21.967,235.475,696.441,pessimistic,2100
FJI,12.006,0.468,23.35,320.374,461.801,current,2020
FJI,36.873,12.112,344.271,653.069,882.938,optimistic,2050
FJI,8.634,0.997,39.161,192.596,311.59,pessimistic,2050
FJI,17.41,4.491,137.243,319.808,507.554,optimistic,2100
FJI,16.399,5.436,157.876,265.165,423.687,pessimistic,2100
FRA,225.489,0,181.738,6342.574,9136.838,current,2020
FRA,868.78,1827.898,7746.314,11616.395,14380.987,optimistic,2050
FRA,718.328,1335.907,5969.869,10381.257,13831.784,pessimistic,2050
FRA,781.068,1240.526,7271.179,11208.169,14200.526,optimistic,2100
FRA,2086.014,8964.283,15190.41,18621.347,20954.231,pessimistic,2100
GAB,524.195,0,435.486,14727.108,21223.314,current,2020
GAB,137.275,2.446,371.181,2251.876,7714.563,optimistic,2050
GAB,183.668,1.567,396.087,2660.821,11445.154,pessimistic,2050
GAB,298.382,4.335,1059.749,4836.974,15881.954,optimistic,2100
GAB,424.295,132.495,2696.653,6338.044,17641.897,pessimistic,2100
GBR,20.466,0,15.88,575.181,832.694,current,2020
GBR,23.837,0.853,151.074,493.108,784.612,optimistic,2050
GBR,15.465,0.04,83.92,308.826,592.802,pessimistic,2050
GBR,16.058,1.006,70.689,345.598,621.815,optimistic,2100
GBR,45.936,51.883,400.198,716.521,1040.897,pessimistic,2100
GEO,70.03,75.627,192.401,1590.379,2296.385,current,2020
GEO,29.623,11.914,101.74,544.607,1346.943,optimistic,2050
GEO,144.511,113.446,1169.099,2539.631,3560.965,pessimistic,2050
GEO,57.12,41.359,319.962,1038.612,1941.354,optimistic,2100
GEO,276.182,516.154,2502.795,3792.863,4859.761,pessimistic,2100
GHA,16131.868,16947.862,43866.77,367132.541,533976.034,current,2020
GHA,84159.135,303491.539,654273.21,869917.139,1024070.988,optimistic,2050
GHA,75904.053,272788.558,574750.95,795885.866,971744.209,pessimistic,2050
GHA,69902.921,227992.547,547911.591,779658.95,959402.385,optimistic,2100
GHA,147916.078,680980.611,1057816.656,1216648.042,1317238.997,pessimistic,2100
GIN,52181.324,133060.497,198065.17,896830.278,1301606.219,current,2020
GIN,53243.408,129294.279,351164.797,718687.866,1189363.091,optimistic,2050
GIN,53172.924,121025.123,370098.219,747724.726,1131198.831,pessimistic,2050
GIN,35454.879,94470.021,223284.04,419224.01,869203.552,optimistic,2100
GIN,146142.902,368853.441,1236708.283,1843436.379,2292049.894,pessimistic,2100
GMB,4871.955,10003.94,19822.955,89738.706,128386.893,current,2020
GMB,13465.33,27064.607,123171.781,179113.691,224972.422,optimistic,2050
GMB,11721.439,23127.059,105238.715,159890.637,200137.18,pessimistic,2050
GMB,8761.176,17047.121,65407.695,133578.458,176858.705,optimistic,2100
GMB,42449.079,207861.932,300829.143,319695.476,323581.101,pessimistic,2100
GNB,8298.944,19644.061,37167.277,141355.961,202072.789,current,2020
GNB,15851.793,27496.795,130117.196,236425.655,316891.277,optimistic,2050
GNB,11509.751,22651.181,89106.09,167026.245,233986.463,pessimistic,2050
GNB,7500.341,16483.652,43604.831,111045.694,188686.849,optimistic,2100
GNB,41343.935,176422.225,304025.834,372899.388,408269.108,pessimistic,2100
GNQ,1800.149,0,1385.146,50613.761,73246.813,current,2020
GNQ,486.859,0,386.264,11958.866,23223.078,optimistic,2050
GNQ,34.969,0,8.054,455.395,2553.859,pessimistic,2050
GNQ,249.731,0,53.982,2360.572,20036.058,optimistic,2100
GNQ,608.249,0,951.949,9087.578,38841.969,pessimistic,2100
GRC,23.669,0,18.79,663.796,964.128,current,2020
GRC,70.924,113.262,626.609,1048.435,1356.512,optimistic,2050
GRC,89.656,206.5,773.95,1176.322,1452.146,pessimistic,2050
GRC,81.341,164.43,715.921,1108.528,1409.066,optimistic,2100
GRC,241.966,1100.284,1716.521,2037.563,2252.527,pessimistic,2100
GTM,28702.534,56987.586,97060.687,555125.383,801883.992,current,2020
GTM,64353.447,181142.73,485831.547,790843.502,1098904.223,optimistic,2050
GTM,64353.034,181141.085,485828.586,790838.489,1098901.242,pessimistic,2050
GTM,123023.289,459838.436,927322.325,1252148.858,1490357.541,optimistic,2100
GTM,123022.64,459835.216,927318.631,1252143.388,1490350.569,pessimistic,2100
GUY,4.928,0,3.671,138.658,200.754,current,2020
GUY,40.072,172.693,282.567,361.92,426.15,optimistic,2050
GUY,31.635,129.527,237.381,294.672,329.372,pessimistic,2050
GUY,40.804,171.696,290.647,377.539,445.733,optimistic,2100
GUY,43.161,197.452,301.711,363.755,407.247,pessimistic,2100
HND,11044.652,22520.339,37870.273,211431.645,304917.401,current,2020
HND,4831.881,10143.326,26863.91,47862.629,178573.928,optimistic,2050
HND,4831.928,10143.236,26863.786,47866.348,178572.582,pessimistic,2050
HND,10721.591,16930.634,66293.347,174080.228,289518.906,optimistic,2100
HND,10721.519,16930.472,66292.699,174079.324,289517.748,pessimistic,2100
HRV,6.367,0,4.62,177.228,263.811,current,2020
HRV,8.375,0.188,47.441,184.003,277.816,optimistic,2050
HRV,2.376,0.185,9.053,37.79,123.971,pessimistic,2050
HRV,6.095,0.231,25.409,135.965,233.629,optimistic,2100
HRV,39.583,139.62,312.364,410.555,491.526,pessimistic,2100
HTI,38576.449,111816.438,156423.951,610977.814,891829.041,current,2020
HTI,121573.954,382750.668,995942.393,1351146.202,1643826.775,optimistic,2050
HTI,104686.162,316119.662,832885.65,1220997.335,1533882.335,pessimistic,2050
HTI,103604.398,308713.337,822784.808,1228875.791,1524415.574,optimistic,2100
HTI,287425.461,1423084.721,1967528.644,2175933.091,2289718.169,pessimistic,2100
HUN,162.204,0,194.628,4490.523,6460.852,current,2020
HUN,273.043,3.107,1735.503,5878.054,8575.097,optimistic,2050
HUN,59.81,0.538,132.182,1051.091,3344.755,pessimistic,2050
HUN,249.939,6.918,1436.445,5658.424,7862.142,optimistic,2100
HUN,916.201,2671.279,7843.001,10428.411,12678.461,pessimistic,2100
IDN,413.455,0,335.732,11567.5,16867.556,current,2020
IDN,2117.2,7762.498,16208.587,21629.66,26001.398,optimistic,2050
IDN,2537.589,9742.05,19220.096,25072.013,29313.992,pessimistic,2050
IDN,2164.892,7991.828,16511.608,22061.861,26400.737,optimistic,2100
IDN,4299.695,20747.945,29477.136,33831.888,36917.72,pessimistic,2100
IND,2664.672,0,2363.219,74637.033,107740.263,current,2020
IND,1904.732,942.511,11460.068,34267.018,66673.731,optimistic,2050
IND,2264.054,2760.189,16661.145,36354.324,59450.326,pessimistic,2050
IND,1934.863,2644.703,13816.992,29639.793,52491.763,optimistic,2100
IND,4453.057,11295.791,30715.022,58444.732,92598.226,pessimistic,2100
IRL,27.386,0,22.91,767.818,1111.364,current,2020
IRL,71.042,2.144,676.525,1297.871,1780.949,optimistic,2050
IRL,36.001,0.831,203.155,790.451,1198.264,pessimistic,2050
IRL,43.964,0.261,324.56,890.918,1313.742,optimistic,2100
IRL,73.422,29.988,724.626,1249.201,1645.402,pessimistic,2100
IRN,9848.349,13054.379,28895.59,213374.95,311958.835,current,2020
IRN,55461.662,208345.942,426051.447,554566.063,649368.831,optimistic,2050
IRN,76475.197,352451.984,537746.792,633838.526,704335.596,pessimistic,2050
IRN,70403.131,300212.838,512734.657,634675.419,717895.289,optimistic,2100
IRN,116227.017,610514.408,761494.571,814779.395,842020.594,pessimistic,2100
IRQ,24978.897,0,18928.893,693660.617,1034852.884,current,2020
IRQ,203753.295,824636.166,1532938.036,1906533.166,2184149.33,optimistic,2050
IRQ,268757.933,1262994.309,1859250.873,2189171.158,2430504.38,pessimistic,2050
IRQ,257911.606,1146621.616,1859703.873,2206931.87,2472265.23,optimistic,2100
IRQ,409563.988,2179000.828,2657658.323,2817918.408,2899920.449,pessimistic,2100
ISL,0.203,0,0.15,5.698,8.256,current,2020
ISL,0.545,0.414,4.788,9.309,12.548,optimistic,2050
ISL,0.809,0.379,8.614,13.031,16.547,pessimistic,2050
ISL,1.107,3.088,9.065,13.369,16.792,optimistic,2100
ISL,0.327,0.494,0.855,6.972,10.412,pessimistic,2100
ISR,71.06,0,83.43,1966.231,2839.8,current,2020
ISR,846.002,4107.519,5731.988,6640.065,7316.972,optimistic,2050
ISR,864.454,4198.587,5910.366,6731.318,7355.383,pessimistic,2050
ISR,907.448,4542.037,6052.588,6848.502,7417.094,optimistic,2100
ISR,1270.159,6993.891,7935.826,8428.272,8477.181,pessimistic,2100
ITA,81.198,0,61.243,2269.904,3335.044,current,2020
ITA,235.392,533.719,1857.115,3242.838,4287.9,optimistic,2050
ITA,404.461,1260.713,3280.752,4539.158,5637.653,pessimistic,2050
ITA,269.739,640.966,2160.762,3577.048,4767.052,optimistic,2100
ITA,991.769,4764.038,6821.967,7847.174,8554.3,pessimistic,2100
JAM,8.536,15.849,28.249,169.111,243.922,current,2020
JAM,22.244,23.006,210.391,345.941,460.901,optimistic,2050
JAM,31.833,52.509,300.084,442.645,572.596,pessimistic,2050
JAM,26.515,54.747,225.661,366.047,469.254,optimistic,2100
JAM,77.822,358.808,556.056,642.989,683.898,pessimistic,2100
JOR,64.048,0,49.412,1802.058,2603.042,current,2020
JOR,809.374,3994.828,5460.126,6233.742,6681.093,optimistic,2050
JOR,911.075,4635.992,6125.045,6646.522,6954.389,pessimistic,2050
JOR,885.609,4499.808,5909.87,6534.466,6854.443,optimistic,2100
JOR,1201.033,6851.956,7298.729,7458.886,7471.068,pessimistic,2100
JPN,22.816,0,17.887,638.628,932.811,current,2020
JPN,12.204,3.838,51.257,235.338,506.353,optimistic,2050
JPN,9.753,0.278,26.637,199.88,466.171,pessimistic,2050
JPN,7.582,0.306,11.657,146.583,415.324,optimistic,2100
JPN,24.44,11.591,165.486,446.491,773.123,pessimistic,2100
KAZ,61.713,0,48.388,1735.953,2505.857,current,2020
KAZ,294.529,887.282,2315.93,3513.77,4288.787,optimistic,2050
KAZ,475.731,1894.382,3602.601,4536.151,5146.555,pessimistic,2050
KAZ,334.62,1135.279,2599.598,3619.393,4472.001,optimistic,2100
KAZ,678.498,3181.012,4736.057,5508.222,6079.055,pessimistic,2100
KEN,81416.884,212850.013,314380.893,1370806.048,2014052.579,current,2020
KEN,417809.147,1785124.946,3048486.191,3739726.52,4256267.41,optimistic,2050
KEN,383597.16,1723287.305,2690655.602,3287799.025,3788622.518,pessimistic,2050
KEN,383966.647,1601697.863,2809579.677,3545124.512,4051118.309,optimistic,2100
KEN,515229.083,2524502.821,3475693.429,3992485.582,4390135.239,pessimistic,2100
KGZ,614.964,0,476.18,17308.09,24975.514,current,2020
KGZ,5258.4,21075.483,39414.182,49750.529,57927.413,optimistic,2050
KGZ,6953.43,32991.743,48453.115,55469.113,60674.865,pessimistic,2050
KGZ,5480.101,23937.736,39605.196,47892.823,54426.335,optimistic,2100
KGZ,7996.07,40745.317,52952.822,58633.808,63074.906,pessimistic,2100
KHM,14435.333,26266.556,48024.277,286307.263,416156.148,current,2020
KHM,102859.056,507385.923,691962.992,791393.453,861407.534,optimistic,2050
KHM,133483.788,695203.867,871537.72,951887.078,1006415.064,pessimistic,2050
KHM,107048.404,520127.552,736098.941,828803.841,901561.402,optimistic,2100
KHM,112082.928,508681.954,803788.499,936139.533,1034040.24,pessimistic,2100
KOR,14.443,0,11.013,405.929,588.352,current,2020
KOR,11.446,0.328,47.31,232.066,487.956,optimistic,2050
KOR,18.385,5.043,87.954,381.711,672.846,pessimistic,2050
KOR,17.128,10.427,93.162,320.53,594.856,optimistic,2100
KOR,33.756,14.735,288.483,599.578,875.117,pessimistic,2100
KWT,7.404,0,8.803,205.315,294.592,current,2020
KWT,118.824,569.824,857.827,916.496,919.815,optimistic,2050
KWT,110.704,535.887,755.909,887.29,913.366,pessimistic,2050
KWT,130.409,664.813,908.336,919.815,919.815,optimistic,2100
KWT,151.401,870.138,919.815,919.815,919.815,pessimistic,2100
LAO,2189.316,1623.525,5500.822,52099.985,76493.048,current,2020
LAO,9385.948,26058.784,77752.043,113571.898,139855.004,optimistic,2050
LAO,10292.858,33650.967,83085.435,112460.477,135513.421,pessimistic,2050
LAO,8758.564,24283.222,71853.755,106995.981,131617.216,optimistic,2100
LAO,6256.13,10490.256,55966.706,89522.31,117799.044,pessimistic,2100
LBN,712.405,754.973,1966.708,16166.256,23491.455,current,2020
LBN,5385.41,24257.778,37535.08,46089.739,53643.368,optimistic,2050
LBN,4843.086,21627.538,33986.175,41749.284,48589.952,pessimistic,2050
LBN,5570.48,25324.207,38666.613,47233.086,54673.335,optimistic,2100
LBN,8516.118,43649.802,56326.543,61894.214,66019.199,pessimistic,2100
LBR,11713.438,33275.262,46885.276,188998.802,273052.462,current,2020
LBR,12496.021,30151.641,81904.821,173692.694,273080.98,optimistic,2050
LBR,12438.058,32608.037,79471.958,166550.986,266735.624,pessimistic,2050
LBR,8779.764,25834.024,44479.57,113920.62,213876.683,optimistic,2100
LBR,15268.734,37296.798,109771.15,205103.63,304613.549,pessimistic,2100
LBY,3812.69,3954.842,10289.059,87002.182,126559.958,current,2020
LBY,13770.857,44944.229,108114.097,152317.227,190552.557,optimistic,2050
LBY,19431.855,59312.607,163858.488,216766.272,261092.884,pessimistic,2050
LBY,21092.993,75964.824,167941.773,214210.852,249462.245,optimistic,2100
LBY,37779.529,184837.785,257865.069,292065.1,313984.554,pessimistic,2100
LCA,n/a,n/a,n/a,n/a,n/a,current,2020
LCA,n/a,n/a,n/a,n/a,n/a,optimistic,2050
LCA,n/a,n/a,n/a,n/a,n/a,pessimistic,2050
LCA,n/a,n/a,n/a,n/a,n/a,optimistic,2100
LCA,n/a,n/a,n/a,n/a,n/a,pessimistic,2100
LKA,244.657,0,324.52,6788.607,9590.406,current,2020
LKA,16.09,0,0,46.408,1516.231,optimistic,2050
LKA,16.09,0,0,46.408,1516.231,pessimistic,2050
LKA,0,0,0,0,0.012,optimistic,2100
LKA,0,0,0,0,0.012,pessimistic,2100
LSO,3905.409,8214.065,13726.421,73446.912,106600.702,current,2020
LSO,4908.918,8991.11,31480.12,71250.637,132558.919,optimistic,2050
LSO,3733.728,5868.892,24424.59,51665.54,113654.39,pessimistic,2050
LSO,5046.275,7515.901,29082.055,87300.782,138538.706,optimistic,2100
LSO,2446.023,5818.739,16958.237,32062.773,54456.397,pessimistic,2100
LTU,7.367,0,5.594,207.082,300.13,current,2020
LTU,7.238,0.003,36.782,152.339,271.941,optimistic,2050
LTU,10.668,0.052,56.938,229.941,378.669,pessimistic,2050
LTU,2.418,0,1.196,46.807,143.39,optimistic,2100
LTU,16.626,0.306,134.701,331.846,456.994,pessimistic,2100
LUX,0.798,0,0.638,22.459,32.3,current,2020
LUX,2.492,0.284,27.91,41.004,52.749,optimistic,2050
LUX,0.241,0,0,0.818,22.489,pessimistic,2050
LUX,1.912,0,20.876,32.465,42.767,optimistic,2100
LUX,3.176,0.868,36.129,50.505,63.4,pessimistic,2100
LVA,6.947,0,5.204,194.887,284.079,current,2020
LVA,5.668,0.019,34.276,94.431,240.619,optimistic,2050
LVA,4.559,0.091,19.683,97.198,181.881,pessimistic,2050
LVA,1.31,0,0.445,17.738,93.73,optimistic,2100
LVA,9.834,0.205,63.415,194.812,338.052,pessimistic,2100
MAR,1130.41,0,1433.34,31245.163,44817.313,current,2020
MAR,12219.286,55972.11,87813.651,101351.638,108249.588,optimistic,2050
MAR,14275.242,70124.661,99710.39,107837.619,111760.817,pessimistic,2050
MAR,11025.264,47591.437,81411.076,97242.792,106482.161,optimistic,2100
MAR,19277.459,111397.309,115776.467,116728.358,117210.231,pessimistic,2100
MDA,331.247,40.686,633.081,8819.565,12546.393,current,2020
MDA,242.925,182.624,1125.341,4721.991,8520.911,optimistic,2050
MDA,872.556,554.974,9280.042,13584.043,17417.639,pessimistic,2050
MDA,233.941,88.653,1009.431,4524.986,9419.919,optimistic,2100
MDA,1800.702,6874.919,13740.921,17646.793,21063.735,pessimistic,2100
MDG,62710.775,138892.172,223440.467,1156574.096,1675245.707,current,2020
MDG,124175.22,326763.618,967391.815,1585481.695,2109355.174,optimistic,2050
MDG,134292.262,347929.266,1068293.679,1708279.55,2260199.708,pessimistic,2050
MDG,131980.69,343763.287,1033377.514,1699113.376,2228699.375,optimistic,2100
MDG,232822.787,807409.818,1858859.982,2436388.574,2899963.414,pessimistic,2100
MEX,5984.33,2342.09,13568.861,150051.603,220633.496,current,2020
MEX,25423.81,75185.173,209687.446,293957.512,363864.449,optimistic,2050
MEX,41003.66,170346.365,297635.062,381379.263,443603.622,pessimistic,2050
MEX,33311.681,121711.277,255863.428,340425.792,409750.083,optimistic,2100
MEX,59194.503,274212.459,417031.113,487438.441,534324.334,pessimistic,2100
MLI,80618.225,0,68347.268,2258409.571,3271614.257,current,2020
MLI,68647.431,12613.491,284877.816,1423102.643,2752891.655,optimistic,2050
MLI,175437.575,192971.951,1442732.928,2866998.323,4109109.681,pessimistic,2050
MLI,72215.991,30854.114,403789.814,1344321.511,2609255.667,optimistic,2100
MLI,545243.367,1816912.178,4630141.763,5742394.727,6349858.466,pessimistic,2100
MMR,60610.719,24705.214,138542.305,1516450.907,2226948.719,current,2020
MMR,327619.987,1037165.142,2677790.802,3641951.012,4395282.05,optimistic,2050
MMR,402337.336,1531605.759,3059331.89,3996386.489,4687575.467,pessimistic,2050
MMR,321534.455,1055753.97,2591634.043,3506954.281,4215461.076,optimistic,2100
MMR,235960.053,400707.938,2131596.197,3385189.906,4292161.348,pessimistic,2100
MNE,1.773,0,2.074,49.025,70.983,current,2020
MNE,3.203,0.651,35.024,52.543,68.61,optimistic,2050
MNE,11.058,46.381,77.563,104.205,123.283,pessimistic,2050
MNE,6.762,15.166,57.604,87.36,119.397,optimistic,2100
MNE,20.835,100.729,144.617,161.479,174.814,pessimistic,2100
MNG,122.248,0,90.394,3434.879,4993.463,current,2020
MNG,1110.414,4676.991,8149.359,10149.48,11375.06,optimistic,2050
MNG,1126.682,4246.527,8885.817,11187.406,12284.845,pessimistic,2050
MNG,1026.724,3998.495,7898.825,9879.96,11332.18,optimistic,2100
MNG,1606.336,7802.307,11343.147,12245.752,12746.425,pessimistic,2100
MOZ,163252.287,442445.109,643482.372,2702766.369,3921315.424,current,2020
MOZ,489304.107,1685296.927,3809564.981,5224378.704,6390424.117,optimistic,2050
MOZ,669643.079,2603424.614,5087145.251,6525396.113,7530688.579,pessimistic,2050
MOZ,729235.984,3026339.181,5408099.102,6709586.381,7608637.41,optimistic,2100
MOZ,1259045.304,6451166.768,8416447.754,9112149.942,9502771.81,pessimistic,2100
MRT,7934.78,14185.393,25796.307,159632.11,229174.591,current,2020
MRT,34759.246,117721.902,273764.681,380115.819,443415.206,optimistic,2050
MRT,43699.893,179015.51,332986.68,402114.409,443658.671,pessimistic,2050
MRT,25282.743,76748.38,205250.129,287333.936,365122.143,optimistic,2100
MRT,87817.644,483070.415,552108.482,576547.162,589531.952,pessimistic,2100
MUS,1.697,1.258,4.143,40.955,58.675,current,2020
MUS,4.014,3.385,42.318,60.692,76.865,optimistic,2050
MUS,4.732,3.548,49.894,72.578,92.942,pessimistic,2050
MUS,4.961,3.664,52.503,76.079,97.251,optimistic,2100
MUS,5.683,4.316,61.319,85.953,107.993,pessimistic,2100
MWI,82870.275,228296.169,338789.529,1349918.943,1949069.836,current,2020
MWI,322220.903,1261278.016,2457311.005,3109150.899,3561764.283,optimistic,2050
MWI,386049.243,1614577.522,2863923.025,3509725.739,3984005.466,pessimistic,2050
MWI,425704.017,1923615.053,3048695.911,3588821.83,3961823.848,optimistic,2100
MWI,675523.142,3539789.368,4442989.469,4740326.254,4901810.153,pessimistic,2100
MYS,26.017,0.004,42.137,706.218,1020.663,current,2020
MYS,173.523,663.45,1317.347,1715.47,2017.472,optimistic,2050
MYS,196.213,804.363,1465.804,1822.708,2069.044,pessimistic,2050
MYS,167.795,610.93,1314.995,1710.078,1990.108,optimistic,2100
MYS,232.277,1024.781,1683.322,2007.58,2231.405,pessimistic,2100
NAM,1187.159,2375.401,4040.324,22861.264,33078.1,current,2020
NAM,3279.915,12770.303,22376.146,34271.895,42240.045,optimistic,2050
NAM,4063.013,12543.935,34778.394,44545.05,52658.234,pessimistic,2050
NAM,4102.328,14524.386,32225.268,42911.386,50265.075,optimistic,2100
NAM,10331.157,52679.404,68356.682,75813.957,81267.028,pessimistic,2100
NER,240095.377,636982.937,933509.911,4038091.451,5829485.829,current,2020
NER,200756.657,578569.506,1186206.262,2492126.75,4560892.077,optimistic,2050
NER,277343.442,674928.87,1910329.01,3812043.536,5719652.338,pessimistic,2050
NER,236297.975,677383.363,1586233.818,2840410.55,4830207.479,optimistic,2100
NER,511939.935,1501443.512,3974418.411,6249065.952,7783752.817,pessimistic,2100
NGA,628162.109,1519567.149,2335052.202,11087422.23,16105486.1,current,2020
NGA,911706.207,2769395.595,6713081.639,10720649.32,15183039.58,optimistic,2050
NGA,960304.516,2726207.096,6895113.38,11990990.92,17205945.32,pessimistic,2050
NGA,970011.447,3135294.311,7092185.192,10996651.02,15286158.75,optimistic,2100
NGA,1910262.21,6372142.895,14810236.63,21022436.19,26018973.09,pessimistic,2100
NIC,5214.537,0,4955.77,146774.818,208080.972,current,2020
NIC,14.325,0,0,35.317,1361.88,optimistic,2050
NIC,14.325,0,0,35.315,1361.842,pessimistic,2050
NIC,1318.575,0,367.309,24657.367,81073.529,optimistic,2100
NIC,1318.583,0,367.303,24657.557,81074.02,pessimistic,2100
NLD,0.902,0,0.841,25.434,35.958,current,2020
NLD,0.079,0,0,0.322,7.282,optimistic,2050
NLD,0.122,0,0.001,0.502,11.195,pessimistic,2050
NLD,0.014,0,0,0.282,0.875,optimistic,2100
NLD,0.367,0,0.233,7.236,21.337,pessimistic,2100
NOR,7.696,0,9.191,213.824,305.142,current,2020
NOR,8.315,0.328,50.237,176.465,274.388,optimistic,2050
NOR,3.041,0.179,14.6,57.785,128.363,pessimistic,2050
NOR,7.972,0.26,43.92,167.669,283.541,optimistic,2100
NOR,6.796,0.032,39.419,139.433,242.785,pessimistic,2100
NPL,40222.213,42674.187,108842.752,918714.114,1322680.175,current,2020
NPL,3336.854,1103.716,16217.094,53450.63,150878.585,optimistic,2050
NPL,5282.301,7019.998,26228.397,80364.734,192387.022,pessimistic,2050
NPL,8348.287,2702.475,40012.451,113875.644,420002.828,optimistic,2100
NPL,6542.559,12052.763,38497.263,90885.634,197967.948,pessimistic,2100
NZL,63.78,0,101.554,1719.365,2533.031,current,2020
NZL,276.4,718.314,2310.697,3434.832,4344.371,optimistic,2050
NZL,195.09,353.405,1769.141,2692.346,3513.689,pessimistic,2050
NZL,204.324,440.069,1726.718,2769.64,3585.519,optimistic,2100
NZL,328.698,951.538,2811.683,3772.699,4562.32,pessimistic,2100
OMN,29.465,0,24.266,830.706,1188.031,current,2020
OMN,445.14,2279.059,3030.261,3185.887,3230.545,optimistic,2050
OMN,512.463,2874.241,3188.393,3241.077,3268.185,pessimistic,2050
OMN,457.69,2373.147,3069.507,3237.317,3284.817,optimistic,2100
OMN,556.207,3229.985,3310.373,3351.459,3376.4,pessimistic,2100
PAK,291030.152,390928.022,848662.707,6340598.66,9117886.826,current,2020
PAK,2453514.711,10741780.88,17933362.47,21360383.42,23479445.65,optimistic,2050
PAK,2581139.117,11960408.35,18254404.21,21253413.04,22985385.28,pessimistic,2050
PAK,3005632.244,14492156.58,21055202.35,23440215.81,24540417.63,optimistic,2100
PAK,3931031.637,21899027.17,24526680.29,25232825.13,25540520.53,pessimistic,2100
PAN,47.057,0,37.047,1321.645,1914.214,current,2020
PAN,0.003,0,0,0.025,0.24,optimistic,2050
PAN,0.003,0,0,0.025,0.24,pessimistic,2050
PAN,0.929,0,2.401,14.188,54.896,optimistic,2100
PAN,0.929,0,2.401,14.189,54.951,pessimistic,2100
PER,1630.298,0,3114.843,43840.595,62889.218,current,2020
PER,5771.977,16598.133,46412.86,68445.13,88674.698,optimistic,2050
PER,5359.682,19698.382,38685.971,55851.386,72537.687,pessimistic,2050
PER,4829.3,15016.987,36206.393,56641.013,74652.555,optimistic,2100
PER,8122.022,36573.023,55460.158,69794.871,85041.625,pessimistic,2100
PHL,1086.629,1449.201,3168.925,23663.918,34167.363,current,2020
PHL,6571.502,29170.752,46728.208,56857.96,64813.922,optimistic,2050
PHL,6886.083,32497.14,47222.351,55833.892,63079.706,pessimistic,2050
PHL,6662.42,29839.066,47028.084,57265.295,65208.44,optimistic,2100
PHL,6411.666,29525.198,44005.372,54033.041,61827.08,pessimistic,2100
PNG,142.229,0,112.275,3993.106,5787.555,current,2020
PNG,298.105,414.247,2643.487,4353.034,6388.012,optimistic,2050
PNG,588.732,2222.764,4346.404,5866.804,7526.316,pessimistic,2050
PNG,284.443,438.053,2520.704,4024.161,5932.585,optimistic,2100
PNG,588.732,2222.764,4346.404,5866.804,7526.316,pessimistic,2100
POL,101.824,0,86.438,2856.644,4123.383,current,2020
POL,68.155,3.627,387.701,1305.469,2617.482,optimistic,2050
POL,104.975,0.266,481.191,2264.592,4040.901,pessimistic,2050
POL,51.195,0.337,167.446,1051.86,2342.647,optimistic,2100
POL,176.188,63.282,1381.462,3308.667,4842.777,pessimistic,2100
PRK,5457.109,0,4212.664,153068.853,222722.573,current,2020
PRK,2784.234,3892.272,15362.66,41414.895,95220.29,optimistic,2050
PRK,14325.571,23810.878,109224.362,216913.994,323722.841,pessimistic,2050
PRK,6091.061,3968.508,40007.823,103854.16,201681.39,optimistic,2100
PRK,10036.87,7946.626,78681.577,171405.092,266684.261,pessimistic,2100
PRT,439.162,0,526.577,12126.23,17557.403,current,2020
PRT,2269.802,6820.54,19324.591,25456.775,30562.901,optimistic,2050
PRT,4174.517,16661.131,31731.176,39807.958,44299.773,pessimistic,2050
PRT,1841.577,3904.267,16895.442,23849.909,29833.457,optimistic,2100
PRT,6926.856,37448.455,44293.913,46643.325,47738.775,pessimistic,2100
PRY,927.678,373.422,2127.991,23411.514,33698.626,current,2020
PRY,778.241,293.327,4517.125,15371.728,26078.908,optimistic,2050
PRY,562.423,80.58,1840.924,11372.913,25327.004,pessimistic,2050
PRY,350.655,50.424,1316.303,6087.858,17120.363,optimistic,2100
PRY,878.957,445.011,4777.192,15959.262,32418.29,pessimistic,2100
PSE,4.593,0,5.446,127.126,183.241,current,2020
PSE,64.058,321.303,432.765,483.057,495.605,optimistic,2050
PSE,60.937,269.763,454.967,519.067,538.063,pessimistic,2050
PSE,68.044,350.917,452.984,490.267,502.716,optimistic,2100
PSE,90.049,522.403,540.125,540.125,540.125,pessimistic,2100
QAT,2.203,0,1.66,62.214,89.22,current,2020
QAT,43.653,244.03,274.99,274.998,274.998,optimistic,2050
QAT,46.75,274.998,274.998,274.998,274.998,pessimistic,2050
QAT,46.335,270.856,274.998,274.998,274.998,optimistic,2100
QAT,46.75,274.998,274.998,274.998,274.998,pessimistic,2100
ROU,6411.648,0,10036.571,174141.184,252736.165,current,2020
ROU,2418.333,144.537,9346.094,45590.137,111823.314,optimistic,2050
ROU,10944.695,6786.156,74884.878,221174.217,284719.964,pessimistic,2050
ROU,3043.514,832.246,20589.715,42360.787,128948.478,optimistic,2100
ROU,42554.579,176186.846,312494.209,391748.913,460114.763,pessimistic,2100
RUS,2976.33,0,2483.452,83593.643,120511.861,current,2020
RUS,8127.475,18636.973,65361.29,110192.944,144546.767,optimistic,2050
RUS,10046.773,23089.364,86969.123,130259.842,165387.495,pessimistic,2050
RUS,8058.839,15370.331,67734.921,114806.704,151627.492,optimistic,2100
RUS,24976.835,107385.409,181139.13,222355.415,254562.096,pessimistic,2100
RWA,11892.507,0,14062.41,325321.593,482357.909,current,2020
RWA,126613.01,622483.958,849056.191,979967.337,1080301.99,optimistic,2050
RWA,99256.316,478554.584,676447.31,784046.683,866203.11,pessimistic,2050
RWA,107775.349,509915.33,739247.088,871415.64,978562.01,optimistic,2100
RWA,162643.155,852086.048,1051451.65,1155591.91,1226464.555,pessimistic,2100
SAU,73.268,0,58.337,2061.993,2969.475,current,2020
SAU,667.191,3181.561,4649.894,5277.264,5749.421,optimistic,2050
SAU,952.124,4841.102,6358.223,6971.083,7426.366,pessimistic,2050
SAU,763.317,3820.439,5100.763,5715.789,6292.734,optimistic,2100
SAU,1191.539,6590.13,7420.724,7783.752,8002.154,pessimistic,2100
SDN,188906.904,334631.594,693665.273,3715653.017,5338407.311,current,2020
SDN,182973.667,448457.437,1372069.006,2365513.799,3593488.695,optimistic,2050
SDN,471336.409,1715500.396,3636366.995,4770701.347,5891766.282,pessimistic,2050
SDN,260415.202,754348.246,2022329.704,3118707.592,4171303.7,optimistic,2100
SDN,1045429.152,5352830.497,6854528.823,7662763.406,8270968.137,pessimistic,2100
SEN,28445.311,42672.215,87159.937,602052.228,865064.71,current,2020
SEN,97134.582,207665.068,875323.245,1271433.237,1592648.057,optimistic,2050
SEN,115060.559,342016.224,972567.195,1309586.751,1576451.397,pessimistic,2050
SEN,61066.352,107629.085,517569.632,892573.966,1174917.844,optimistic,2100
SEN,301439.482,1571798.738,2002558.389,2116948.381,2181830.489,pessimistic,2100
SLB,2.973,0,2.301,81.185,125.733,current,2020
SLB,6.483,4.249,60.216,102.072,160.832,optimistic,2050
SLB,3.06,0.332,18.794,63.296,100.924,pessimistic,2050
SLB,3.563,0.449,24.36,74.63,105.106,optimistic,2100
SLB,3.06,0.332,18.794,63.296,100.924,pessimistic,2100
SLE,22214.39,65779.077,90632.504,349431.374,502255.487,current,2020
SLE,13508.817,43331.201,81394.672,155032.928,281925.114,optimistic,2050
SLE,13388.722,43598.467,78404.972,149520.093,290227.454,pessimistic,2050
SLE,7283.282,28452.202,51787.141,67034.64,102588.332,optimistic,2100
SLE,17778.189,48143.607,123107.464,220733.812,362485.307,pessimistic,2100
SLV,2122.038,3418.218,6603.475,44107.448,63392.835,current,2020
SLV,472.871,369.486,3311.901,5407.088,19530.428,optimistic,2050
SLV,472.88,369.503,3311.925,5407.126,19531.002,pessimistic,2050
SLV,2248.291,3303.692,12034.284,40054.123,63546.836,optimistic,2100
SLV,2248.313,3303.725,12034.345,40054.651,63547.416,pessimistic,2100
SOM,44410.679,116635.716,169631.629,756324.239,1083535.701,current,2020
SOM,58253.101,194443.383,437004.274,640113.428,852632.355,optimistic,2050
SOM,103687.251,439874.538,714378.226,967573.932,1177318.959,pessimistic,2050
SOM,83530.322,325725.328,602494.144,820559.396,1044683.572,optimistic,2100
SOM,115398.396,552415.792,773146.896,916373.765,1090346.56,pessimistic,2100
SRB,98.563,0,116.143,2725.277,3941.188,current,2020
SRB,186.641,31.169,1570.615,3606.622,4856.726,optimistic,2050
SRB,191.788,73.27,1649.795,3502.09,4842.713,pessimistic,2050
SRB,231.714,54.257,2355.184,3996.429,5215.183,optimistic,2100
SRB,771.885,3177.702,5681.179,7136.753,8413.221,pessimistic,2100
SSD,156336.916,478749.163,662335.638,2363171.955,3470513.512,current,2020
SSD,406139.444,1266372.263,3369949.104,4552613.474,5365198.443,optimistic,2050
SSD,322084.335,1069296.086,2532358.882,3518203.303,4349630.535,pessimistic,2050
SSD,381091.423,1263810.012,3054966.611,4151038.747,4949098.255,optimistic,2100
SSD,635102.046,2894856.536,4532605.447,5298156.564,5834904.323,pessimistic,2100
STP,n/a,n/a,n/a,n/a,n/a,current,2020
STP,n/a,n/a,n/a,n/a,n/a,optimistic,2050
STP,n/a,n/a,n/a,n/a,n/a,pessimistic,2050
STP,n/a,n/a,n/a,n/a,n/a,optimistic,2100
STP,n/a,n/a,n/a,n/a,n/a,pessimistic,2100
SUR,7.031,8.182,20.541,151.328,236.471,current,2020
SUR,31.049,76.73,269.84,388.99,480.265,optimistic,2050
SUR,36.066,92.111,315.066,439.173,546.872,pessimistic,2050
SUR,36.611,103.199,313.878,425.894,521.818,optimistic,2100
SUR,51.277,182.831,413.832,523.526,597.055,pessimistic,2100
SVK,7.985,0,6.568,224.604,322.996,current,2020
SVK,15.396,0.946,112.758,321.649,435.79,optimistic,2050
SVK,7.863,0.207,43.523,160.375,289.394,pessimistic,2050
SVK,12.145,0.354,76.406,266.869,371.582,optimistic,2100
SVK,38.615,89.071,356.617,478.828,586.62,pessimistic,2100
SVN,5.526,0,4.132,155.278,225.485,current,2020
SVN,7.008,0.013,53.867,137.09,211.026,optimistic,2050
SVN,3.973,0,3.461,96.78,189.884,pessimistic,2050
SVN,5.814,0.239,41.806,120.181,171.444,optimistic,2100
SVN,36.969,126.116,299.021,387.133,465.39,pessimistic,2100
SWE,29.53,0,30.205,820.265,1191.65,current,2020
SWE,19.023,0.421,96.082,372.113,769.552,optimistic,2050
SWE,5.423,0,1.399,82.911,370.903,pessimistic,2050
SWE,9.468,0,15.775,164.317,555.02,optimistic,2100
SWE,14.071,0.049,47.412,276.993,662.966,pessimistic,2100
SWZ,1969.808,5315.167,7960.056,30693.832,50601.255,current,2020
SWZ,2019.016,5512.806,9290.706,31661.743,46287.19,optimistic,2050
SWZ,2356.86,5112.802,11572.478,39491.193,59285.708,pessimistic,2050
SWZ,3144.277,6581.481,24857.472,44908.797,59365.39,optimistic,2100
SWZ,11033.159,42575.635,83927.826,107414.784,127018.721,pessimistic,2100
SYR,34261.72,0,32378.129,949387.133,1397885.229,current,2020
SYR,481072.877,2405949.385,3238813.858,3633035.179,3826468.041,optimistic,2050
SYR,469708.27,2328995.051,3189214.45,3569422.168,3785174.343,pessimistic,2050
SYR,507101.056,2575951.667,3393325.431,3738632.777,3900021.644,optimistic,2100
SYR,663091.935,3820353.481,3993293.525,4041805.811,4048872.992,pessimistic,2100
TCD,33395.987,0,33148.36,930410.246,1346184.742,current,2020
TCD,19911.4,1824.313,109276.949,388442.583,758903.892,optimistic,2050
TCD,30693.242,19319.841,234116.748,547471.998,844714.78,pessimistic,2050
TCD,14346.754,2311.992,64831.78,260368.184,631492.032,optimistic,2100
TCD,71723.894,138437.209,623195.601,982039.037,1331156.789,pessimistic,2100
TGO,35334.994,77697.389,125360.283,646459.788,962164.814,current,2020
TGO,125175.202,373301.57,1040987.736,1432537.476,1755478.642,optimistic,2050
TGO,63533.77,143774.576,479697.264,880293.482,1236255.179,pessimistic,2050
TGO,102900.717,267768.347,861920.167,1272466.006,1619775.518,optimistic,2100
TGO,169705.699,605224.532,1336485.114,1759544.099,2053295.946,pessimistic,2100
THA,215.901,0,167.112,6067.224,8787.215,current,2020
THA,1807.23,6989.163,13844.443,17631.065,20191.477,optimistic,2050
THA,2150.099,9342.051,15746.676,18837.701,20927.305,pessimistic,2050
THA,1548.431,5376.321,12382.026,16218.041,19115.666,optimistic,2100
THA,1461.041,4180.85,12492.071,16985.387,20356.524,pessimistic,2100
TJK,845.748,0,666.877,23136.6,35634.077,current,2020
TJK,8384.244,34898.566,62426.512,76419.998,86892.711,optimistic,2050
TJK,10071.414,49651.652,67716.053,77435.097,84890.437,pessimistic,2050
TJK,10036.241,47447.179,69499.054,80941.746,89272.632,optimistic,2100
TJK,12699.247,65895.871,83246.381,91225.05,95530.352,pessimistic,2100
TKM,1170.733,0,988.037,32960.064,47201.067,current,2020
TKM,12287.169,57734.576,84944.812,100484.356,110623.15,optimistic,2050
TKM,16930.466,88695.733,111214.465,119078.711,123074.004,pessimistic,2050
TKM,15221.717,76411.866,102443.405,113939.044,120401.295,optimistic,2100
TKM,21166.755,121750.947,128186.272,128785.939,128849.048,pessimistic,2100
TLS,1807.245,0,1476.19,50833.464,73152.775,current,2020
TLS,20237.542,96322.302,143715.495,158368.792,168931.597,optimistic,2050
TLS,21596.566,108216.237,147107.921,160016.679,169029.218,pessimistic,2050
TLS,20722.276,99411.499,145191.53,161960.607,173425.247,optimistic,2100
TLS,24059.287,127108.192,155482.133,167870.43,177177.381,pessimistic,2100
TTO,0.233,0.325,0.702,5.003,7.251,current,2020
TTO,0.652,0.978,6.752,8.852,10.665,optimistic,2050
TTO,0.407,0.667,3.036,6.78,8.32,pessimistic,2050
TTO,0.734,0.802,7.839,10.55,12.94,optimistic,2100
TTO,1.919,9.487,12.758,14.751,16.47,pessimistic,2100
TUN,428.615,179.155,966.584,10784.404,15634.755,current,2020
TUN,3499.653,15349.563,25405.501,30393.688,34060.265,optimistic,2050
TUN,4514.726,21381.589,31382.39,36351.516,39424.072,pessimistic,2050
TUN,4316.427,20216.916,30235.887,35099.986,38330.045,optimistic,2100
TUN,7069.924,39924.439,43638.502,44332.99,44527.987,pessimistic,2100
TUR,410.689,0,324.224,11478.313,16815.378,current,2020
TUR,2177.388,7007.735,17684.075,24071.754,28781.679,optimistic,2050
TUR,2052.621,6464.318,16643.949,22984.882,28073.387,pessimistic,2050
TUR,2219.34,6721.276,18413.332,25280.488,30506.888,optimistic,2100
TUR,4042.949,18108.462,29058.17,34363.158,38251.269,pessimistic,2100
TWN,2.756,0,2.112,77.551,112.06,current,2020
TWN,4.266,0.112,36.981,76.786,123.959,optimistic,2050
TWN,6.059,0.243,54.591,113.517,158.125,pessimistic,2050
TWN,6.382,0.713,56.687,120.612,163.125,optimistic,2100
TWN,16.587,45.744,142.908,196.157,237.346,pessimistic,2100
TZA,160872.138,323580.412,548481.624,3088051.546,4481380.076,current,2020
TZA,607867.713,2300576.452,4614599.571,6046751.747,7229105.039,optimistic,2050
TZA,472172.201,1734933.421,3530632.883,4854000.083,6037354.241,pessimistic,2050
TZA,594939.606,2246803.131,4513342.339,5945153.319,7082253.257,optimistic,2100
TZA,885800.29,4013024.302,6208529.907,7530388.619,8554889.085,pessimistic,2100
UGA,182753.175,461310.178,724198.922,3129651.545,4506116.928,current,2020
UGA,631960.229,2277783.517,4936698.609,6464025.248,7743342.788,optimistic,2050
UGA,342548.381,1166226.172,2502555.921,3804192.461,4973967.765,pessimistic,2050
UGA,533032.602,1798692.832,4266884.028,5702592.391,6843610.975,optimistic,2100
UGA,707578.578,2995731.959,5110217.36,6442966.844,7473735.033,pessimistic,2100
UKR,2725.247,1132.775,6236.48,68463.108,99324.854,current,2020
UKR,2534.763,1706.773,19000.943,44903.578,70597.625,optimistic,2050
UKR,4316.782,3013.387,33897.123,76903.2,112149.415,pessimistic,2050
UKR,2077.693,1087.16,11875.988,39747.054,69899.612,optimistic,2100
UKR,11741.866,35581.958,97990.703,133717.809,158968.579,pessimistic,2100
URY,54.709,0,87.204,1487.987,2146.148,current,2020
URY,59.92,12.713,390.795,1108.946,2083.764,optimistic,2050
URY,23.039,0.485,74.234,470.17,1061.782,pessimistic,2050
URY,42.853,4.864,195.271,817.594,1820.355,optimistic,2100
URY,10.652,0,13.438,149.845,711.756,pessimistic,2100
USA,140.413,0,110.916,3929.792,5738.026,current,2020
USA,545.286,1254.57,4541.35,7201.932,9413.683,optimistic,2050
USA,403.091,1220.974,2987.612,4769.386,6610.11,pessimistic,2050
USA,467.458,968.059,3838.76,6483.599,8743,optimistic,2100
USA,625.649,2028.62,4654.142,7197.829,9266.464,pessimistic,2100
UZB,937.113,338.069,2083.661,23716.106,34563.728,current,2020
UZB,13071.601,69364.052,84987.551,90397.21,92774.982,optimistic,2050
UZB,14485.75,81341.467,89374.439,92030.664,93601.235,pessimistic,2050
UZB,13882.442,76049.849,87942.197,91426.1,93124.764,optimistic,2100
UZB,15780.585,91110.631,94856.47,95744.831,96036.698,pessimistic,2100
VEN,4521.514,0,4218.872,126568.247,182139.373,current,2020
VEN,20968.762,55920.513,176582.912,257687.462,315964.463,optimistic,2050
VEN,9350.255,7029.674,83599.854,156523.695,217281.989,pessimistic,2050
VEN,19421.33,47073.69,165076.604,249300.935,312487.867,optimistic,2100
VEN,55621.433,274866.318,381978.841,420812.573,443939.614,pessimistic,2100
VNM,80.333,0,62.527,2254.501,3274.224,current,2020
VNM,364.407,1353.806,2640.822,3808.374,4722.558,optimistic,2050
VNM,509.873,2049.98,3727.702,4894.897,5786.888,pessimistic,2050
VNM,366.959,1280.651,2765.193,3944.494,4939.608,optimistic,2100
VNM,445.501,1627.003,3394.194,4558.327,5586.637,pessimistic,2100
VUT,0.478,0,0.388,13.437,19.376,current,2020
VUT,1.031,0.081,10.514,16.542,27.191,optimistic,2050
VUT,0.756,0.036,6.833,13.157,21.596,pessimistic,2050
VUT,0.961,0.026,9.508,16.437,24.939,optimistic,2100
VUT,0.756,0.036,6.833,13.157,21.596,pessimistic,2100
WSM,0.087,0,0.078,2.456,3.501,current,2020
WSM,0.161,0.023,0.907,3.549,5.152,optimistic,2050
WSM,0.022,0,0.025,0.607,0.861,pessimistic,2050
WSM,0.065,0,0.47,0.815,2.972,optimistic,2100
WSM,0.022,0,0.025,0.607,0.861,pessimistic,2100
XKO,0.481,0,0.377,13.549,19.491,current,2020
XKO,0.274,0,0.238,6.867,12.685,optimistic,2050
XKO,2.173,4.659,20.407,27.556,33.94,pessimistic,2050
XKO,1.128,0.162,11.03,20.474,26.122,optimistic,2100
XKO,5.232,24.159,36.156,43.726,49.498,pessimistic,2100
YEM,30437.183,75424.586,114961.614,528104.663,773416.653,current,2020
YEM,48981.077,152965.385,357575.355,570491.194,797170.066,optimistic,2050
YEM,125825.816,439015.021,994567.649,1328799.978,1556560.841,pessimistic,2050
YEM,63297.551,204969.175,455650.111,737780.622,981901.691,optimistic,2100
YEM,203798.756,935185.495,1461632.005,1685414.444,1810663.784,pessimistic,2100
ZAF,3392.281,90.767,6689.697,90408.293,130745.059,current,2020
ZAF,11101.305,37528.234,80487.044,124408.711,164082.593,optimistic,2050
ZAF,9756.256,22391.644,78021.539,129517.386,180588.232,pessimistic,2050
ZAF,11026.582,36974.73,79050.286,124103.801,168502.131,optimistic,2100
ZAF,24697.024,102914.739,182395.028,225984.758,259005.416,pessimistic,2100
ZMB,58216.572,148728.866,221324.515,1000259.23,1448552.034,current,2020
ZMB,232949.722,963102.741,1725233.545,2134331.997,2494346.594,optimistic,2050
ZMB,158806.712,519944.378,1268254.762,1730374.492,2147459.399,pessimistic,2050
ZMB,294484.156,1319359.023,2085789.331,2525670.278,2860327.524,optimistic,2100
ZMB,426244.002,2125025.986,2884125.752,3203496.024,3430645.311,pessimistic,2100
ZWE,64487.523,165318.299,245482.597,1104260.937,1605117.052,current,2020
ZWE,376467.772,1622393.301,2777146.805,3333176.518,3647903.905,optimistic,2050
ZWE,356072.749,1505803.075,2644404.433,3210981.232,3549663.938,pessimistic,2050
ZWE,413741.634,1877110.972,2975585.647,3476009.087,3748692.915,optimistic,2100
ZWE,597034.696,3216830.177,3879088.254,3995060.676,4028693.422,pessimistic,2100