admin0,AAD,PMD2,PMD5,PMD10,PMD25,PMD50,PMD_100,PMD250,PMD500,PMD1000,scenario,year
AFG,48406.65534,19539.01184,46741.18023,99158.06756,129682.8157,154048.0816,169034.3095,189946.4609,200404.4284,216101.8128,current,2020
AGO,46928.4508,17176.32095,26006.669,102469.3982,223480.5903,242205.9522,253297.7165,262076.8148,268443.6481,280553.8791,current,2020
ALB,456.7718048,171.4540146,485.56459,845.3932388,2297.758233,3973.041042,5021.165556,5867.166165,6990.903128,7639.194568,current,2020
AND,2.62108919,0,0,0,0,0,58.92825032,242.705962,340.1198238,600.5292578,current,2020
ARE,10.48170973,0.120291956,4.741825446,38.75036931,64.48455893,80.93338913,160.681749,186.4590356,214.4071687,446.3495569,current,2020
ARG,21481.02,11682.25,22596.69,33909.06,48249.2,59308.1,82228.98,145695.86,177185.22,198995.84,current,2020
ARM,68.05958068,13.6337384,68.11802142,133.2067923,203.4876577,951.1870107,1307.687536,1412.403669,1423.698469,1450.177789,current,2020
AUS,8020.98,3241.75,7126.89,12038.9,22438.54,30154.56,35917.07,90215.62,123566.23,140819.28,current,2020
AUT,1318.690181,178.3786542,1587.154105,2789.941117,8603.640792,12342.33191,14923.7645,17900.30574,18742.80429,30414.6463,current,2020
AZE,360.4786965,68.02214127,217.0615123,376.2232764,3789.979562,3828.021934,3845.138677,3953.056254,5468.868063,6497.866041,current,2020
BDI,8720.230772,2436.626927,18399.29013,19359.21627,21008.66588,22070.97926,35659.46734,37692.17569,38391.15799,38804.64143,current,2020
BEL,1862.528972,0,0,965.1359551,12173.91969,30029.6,60506.83063,77822.52032,85452.28566,104214.5055,current,2020
BEN,70125.59486,49597.07347,96230.36963,117003.3106,178907.0976,202644.7523,216157.1522,227589.4742,231536.8817,240709.4492,current,2020
BFA,14161.2794,6118.091937,16647.32808,20739.92069,25485.61769,28671.27931,31005.72104,32996.99257,34157.52958,35066.9456,current,2020
BGD,740362.3817,390013.916,1202097.935,2033327.2,2584147.68,2847430.723,3167441.192,3423291.31,3587123.069,3833028.861,current,2020
BGR,2325.207881,1200.478027,2401.00921,3596.947633,6892.183827,11278.27496,13790.49536,15758.54625,16490.29856,17769.1322,current,2020
BIH,2180.636071,689.6916281,3901.621416,5499.359898,9220.299278,11086.91294,14134.95463,16031.17693,17165.39388,19243.17584,current,2020
BLR,2306.427426,1169.313882,2296.970736,3348.269291,7566.812085,10341.28367,16851.66528,20023.17784,20973.74988,22653.10245,current,2020
BLZ,383.2935745,124.1456268,229.3280222,786.3896261,2879.487463,4008.288635,5433.018259,6408.443981,6900.248902,7526.957464,current,2020
BOL,20400.06347,10122.3864,20621.90791,30950.11564,39685.17523,46006.09714,50009.91722,55515.755,58100.57745,59418.26854,current,2020
BRA,446936.74,255082.04,593245.93,731952.76,847763.81,911612.1,976526.35,1057003.94,1088426.21,1118462.88,current,2020
BRN,371.5732847,0,0,343.3898459,471.0577911,4264.706672,11339.7041,21213.05239,26580.90515,29474.82759,current,2020
BTN,977.0236106,748.4895538,1503.50564,2086.56349,2601.148315,2906.871257,3233.200018,3606.241827,4043.843792,4284.644359,current,2020
BWA,1018.046054,381.8474064,2093.146441,2571.562584,3909.41656,4148.735778,4350.650961,4609.024155,4831.277401,5440.273016,current,2020
CAF,33813.02389,15645.68921,33811.60308,54381.76372,79552.06751,88053.35983,120426.879,138960.6346,143583.9504,146859.1087,current,2020
CAN,4308.79,1918.73,4427.67,6824.74,11927.47,20832.66,27824.67,36130.32,82873.05,114181.61,current,2020
CHE,655.6668052,0.490321359,173.5263441,2095.298236,5107.333909,8190.087239,10127.97467,12132.47417,15768.72087,17959.33232,current,2020
CHL,11006.4602,4205.844512,5284.316262,6825.996968,12039.88953,18628.44656,24162.47916,28944.45458,30210.9091,33225.08828,current,2020
CHN,230149.17,109494.83,310112.01,464735.38,641168.15,775440.83,873980.58,963988.74,1013454.78,1033077.91,current,2020
CIV,25415.43534,14217.76037,34539.15632,50595.26063,56044.78103,58087.56232,61762.82322,67881.23806,69338.1509,71295.44274,current,2020
CMR,56406.9541,25002.21001,37930.77233,61948.65852,183568.9985,229658.8871,251201.7209,500396.7764,529571.0341,546826.9467,current,2020
COD,337069.3468,102910.7753,210174.0543,521844.9319,581477.6781,618425.6651,643393.3159,674798.6325,693054.8374,719296.672,current,2020
COG,56347.46015,34155.88775,58622.70213,79675.23441,111469.1268,126692.239,139629.0576,151268.5651,157394.8536,163249.6136,current,2020
COL,112735.3851,47947.8633,90496.19873,158686.3194,185438.9079,201902.384,213680.0278,229627.6492,243056.3847,261500.2581,current,2020
CRI,1215.883504,791.7288157,1283.476985,1560.700405,1899.324996,2290.001179,2980.766289,3447.517115,3607.627798,3744.814697,current,2020
CUB,416.2319468,54.52474259,305.6631986,1086.748876,2581.988714,3544.732959,5765.964665,10186.20244,12693.25012,17171.80022,current,2020
CYP,0.191256069,0,0,0,0,0.042380015,6.118986674,16.51938257,30.08458602,31.7418623,current,2020
CZE,1269.07417,56.3337436,828.5119555,3981.583682,8332.854693,12281.67352,16950.3352,25940.15428,37824.97169,63072.80673,current,2020
DEU,17549.29947,3088.032195,14710.94123,43465.0447,111381.5888,154370.4591,171925.3924,192954.7016,206877.2514,265980.6189,current,2020
DJI,74.04343429,0.175520157,191.5937943,202.9116984,217.1328158,233.3225549,946.1715988,1142.075817,1207.112317,1427.790562,current,2020
DNK,6.204696637,0,0,1.121824462,21.14691313,81.40841214,155.1328122,321.7009012,549.4648191,843.7400802,current,2020
DOM,1447.181479,343.9710331,1617.724983,2715.720479,6104.45156,10676.87168,21922.27675,31541.07659,42455.07648,50821.88786,current,2020
DZA,925.0881465,418.5497281,1312.605912,1964.456134,2792.06038,3546.003551,4410.778609,5117.354979,7843.568105,8894.005015,current,2020
ECU,77261.3701,43162.55876,92882.56419,135391.3643,262401.5881,397010.5301,537874.5403,645014.7901,702515.5683,724934.184,current,2020
EGY,55571.93314,9557.194336,79315.21629,169410.5686,301767.7546,397291.5737,471168.3055,570855.0743,625235.43,672339.6869,current,2020
ERI,567.2144268,232.4718591,310.3408552,398.4242106,519.3340286,641.5104938,690.6090138,727.6638994,749.8938051,771.1453078,current,2020
ESH,37.97965166,2.565389993,48.77270508,52.23668229,97.54541016,626.460061,772.133189,846.2574386,993.947123,1135.64608,current,2020
ESP,2969.433821,1089.798063,3527.981913,7171.528659,13189.16171,17957.85212,22903.82823,40662.32857,46466.65632,67380.05136,current,2020
EST,4.37755829,0,0.768545508,8.030331671,29.07097541,47.35268335,76.64942993,138.5317397,209.657811,445.6745322,current,2020
ETH,74557.8038,35198.85008,77178.11577,91548.37931,108107.2463,112075.7165,115918.5819,126821.0166,133357.2135,135411.1926,current,2020
FIN,33.74106787,0.480492345,11.5256063,62.30384234,204.9662794,391.4206201,652.2005563,1241.85508,1491.044109,1973.942583,current,2020
FRA,8329.609485,1440.282598,9605.041793,24414.7537,43270.9256,62275.10573,80267.53012,127854.6906,199961.537,204272.36,current,2020
GAB,16552.80592,9522.998186,14631.81741,19186.67288,38403.43284,43359.36244,68696.50883,72667.43102,74250.87203,75912.16966,current,2020
GBR,785.9400362,150.4305392,834.936897,2204.699205,4709.247485,7482.886405,10714.24483,11950.85807,12725.57731,13681.6777,current,2020
GEO,698.0087614,378.6730394,808.7883464,1072.02454,1585.252269,2035.586478,2673.440008,12566.51488,13688.6827,14798.84542,current,2020
GHA,34006.51746,18636.86404,25118.05248,33638.10943,39596.76473,43304.42826,47421.93033,52239.67955,54802.16742,55599.77546,current,2020
GIN,79215.88673,35026.10278,42655.81262,56961.72436,73447.11213,81878.40834,86127.41072,90936.49622,93407.2216,95738.26592,current,2020
GMB,19419.64082,2535.321139,45635.31107,66961.57423,76734.50084,82853.76331,87423.61802,89669.3894,94303.32845,95334.57783,current,2020
GNB,2047.608257,998.8003234,3897.505099,5829.240609,7033.290812,7875.443335,8434.032918,8686.052232,8973.219733,9583.703913,current,2020
GNQ,1734.827589,1191.904026,2737.265925,4267.720373,5645.255835,7194.059537,8586.258192,10316.56732,10927.07489,11775.7176,current,2020
GRC,67.32830559,18.6248952,87.68239355,189.9014711,310.9434166,413.2752989,609.1707511,923.0128591,1062.384172,1155.394319,current,2020
GRL,0,0,0,0,0,0,0,0,0,0.86,current,2020
GTM,7260.496066,2743.451082,7553.025099,11340.2049,32556.38925,51938.03576,57657.7759,61179.76349,62589.9929,64543.22576,current,2020
GUF,2580.693278,1381.546979,3131.847016,5253.993387,8875.613582,12334.38581,14233.91052,18326.9541,19027.50049,19211.23997,current,2020
GUY,4883.918118,2819.394421,6104.755597,7810.659241,9337.591412,10667.53164,12392.16419,14296.9848,16004.68174,16438.94554,current,2020
HND,4412.027195,1982.872287,5661.963644,7977.446233,10570.05159,11416.92411,12380.6713,35443.3749,39307.83413,40210.72933,current,2020
HRV,1025.856122,312.1280992,1570.248706,3275.856032,5031.504286,5768.849377,7928.565312,9525.247623,10329.36658,11014.64649,current,2020
HTI,3681.420168,819.4074809,7494.382901,10025.88884,14483.73942,30401.26817,45165.76862,51926.68953,56939.54684,58203.31241,current,2020
HUN,5969.936852,2947.577431,6179.64387,9674.97845,18358.62228,25867.98376,37120.74784,138821.7488,209217.6717,236534.6817,current,2020
IDN,476747.2321,206008.36,414654.2173,539749.2361,631967.8737,674540.2167,710475.6512,737488.5411,754898.9546,778465.9842,current,2020
IND,2384123.17,1260385.75,2330139.89,2828635.45,3772734.45,4214916.78,4683894.69,5333400.61,5694693.31,5809808.2,current,2020
IRL,95.06139083,1.40855885,10.25169851,81.30812412,626.1212555,1086.796962,1547.269245,1830.842042,8386.338091,13496.96635,current,2020
IRN,79557.10453,35215.10255,67334.3223,113950.1031,175618.8619,249860.6506,296345.9396,314943.494,319415.8725,327835.9024,current,2020
IRQ,173849.9234,48036.7296,104204.1277,164837.7916,290402.949,346994.0725,400225.0716,468355.6163,596655.8699,603775.389,current,2020
ISL,1.910495857,0.844120475,2.803024084,4.626157465,8.267220164,11.15681061,26.29436956,31.29973513,45.75527436,62.39199315,current,2020
ISR,16.3481406,0.85839867,1.057851551,1.465280939,3.633207639,59.17068998,146.0930652,1882.103528,2733.868652,2933.699541,current,2020
ITA,1135.353715,155.1022543,1224.115516,3786.812859,7678.903557,9497.094239,10858.89291,13430.09191,14762.76234,16590.84766,current,2020
JAM,136.3431522,0,0,272.6660728,1154.115568,1654.64388,2530.633639,5813.59443,6702.648054,7494.18468,current,2020
JOR,24.97839423,13.22835939,25.5163912,32.02310671,99.53217634,134.3943002,244.1894107,377.4799778,382.7586215,383.3292498,current,2020
JPN,1763.976544,160.7956032,1582.623135,3323.439052,7655.37942,14821.5708,32418.91846,53529.18176,60695.39527,98394.62492,current,2020
KAZ,8824.22,5051.28,7774.06,12083.32,16687.14,18120,19167.55,20370.48,23172.88,24842.95,current,2020
KEN,37672.07842,23591.01281,34781.91038,48598.62494,63148.2867,73021.94597,79010.91909,82802.21037,84328.94534,87043.49694,current,2020
KGZ,651.4044703,330.1057569,669.5998903,1087.147547,1147.97987,1172.145356,1197.886889,1322.11709,1332.877157,1345.185891,current,2020
KHM,476800.8233,288760.6251,512432.8639,653625.6777,873628.7722,1079819.554,1243475.474,1373375.632,1415209.142,1500565.63,current,2020
KOR,5634.111907,413.7200556,1898.553449,6323.122499,19004.78691,27137.45747,60220.87855,375610.2676,542425.433,737203.5533,current,2020
KWT,28.30715171,1.242199894,2.301602881,3.141695045,50.58358073,967.3026314,969.2624515,969.4159178,969.6042343,969.6612637,current,2020
LAO,188867.8456,126193.8959,229702.5642,305741.9573,354447.3035,377275.2913,403053.9371,436856.9039,481489.8659,501695.4006,current,2020
LBN,22.82419609,0,0,0,3.835016131,174.7844434,747.6355999,2064.274243,2486.530118,3264.940108,current,2020
LBR,34420.11653,15437.31866,22150.8425,28168.3312,40004.0446,87819.3809,108142.5713,115162.7309,122264.4175,123707.9175,current,2020
LBY,817.2856021,422.0915731,1510.308909,2017.286944,2556.690005,2893.163026,3149.976258,3664.530986,3882.064604,4147.306039,current,2020
LIE,2.652821505,0,0,0,0,17.04165238,88.35645495,249.6775213,353.5951563,414.1292268,current,2020
LKA,7324.372854,1611.154111,4831.143008,19906.808,49316.85085,73135.37323,87597.93206,120536.4889,163854.8577,248753.1298,current,2020
LSO,816.0432618,412.5321847,874.2561567,1162.475275,1621.064373,1980.39856,2122.197609,2403.640749,3101.551656,3356.163692,current,2020
LTU,259.5783857,115.4013957,351.2455179,687.629566,1016.097263,1521.298371,1818.559606,2518.726625,2665.018707,2766.676083,current,2020
LUX,117.1793097,0,0,0,788.4256942,1882.596332,3610.878656,5081.893813,5914.100071,6862.424349,current,2020
LVA,1465.100695,688.4179182,1822.338741,3455.871017,5915.523923,7517.23429,9435.215235,13769.73097,26448.27136,36366.14007,current,2020
MAR,10457.17094,4743.565087,11458.68832,16224.89707,21445.93193,29158.5883,34309.56614,41843.51069,43483.94734,45854.08633,current,2020
MDA,2248.238637,1306.732216,3301.900936,6155.038006,8465.065463,9723.875424,10855.44687,12352.15381,12896.42863,12964.34339,current,2020
MDG,265848.0256,169127.4266,294328.6772,361257.3102,547764.053,776430.53,834715.4794,908713.1698,965837.5445,997315.6182,current,2020
MEX,34150.84973,19793.86362,30541.29427,39328.98965,58349.29724,87782.15745,140381.9143,507595.4012,807496.4428,826671.1142,current,2020
MKD,228.7374749,78.55556427,221.9110901,468.5420573,1372.733747,2146.323974,2406.032252,2788.874211,3214.31924,3672.440108,current,2020
MLI,244442.1816,64225.95967,307923.5925,566966.5237,668310.7511,720111.9384,748646.5013,774026.7351,792289.444,808182.2976,current,2020
MMR,553489.0753,366210.0971,587191.0865,720237.5236,833606.621,893933.7243,953007.0313,1000313.562,1057903.523,1073705.735,current,2020
MNE,299.7530109,176.6756425,358.4060449,666.3248495,1051.854036,2069.873725,2775.423948,3381.060144,3818.866321,4275.990734,current,2020
MNG,112.06,52.56,152.84,240.84,388.28,465.42,554.13,655,752.05,852.31,current,2020
MOZ,133196.5866,82388.16714,145994.868,224915.026,261850.2272,281412.2772,310861.3572,429181.2859,461035.8571,483864.182,current,2020
MRT,17168.29755,8054.000862,29350.69266,37206.9959,45002.43248,49458.5277,55909.7984,61771.67674,63219.5037,65362.88089,current,2020
MWI,53379.98513,36595.7107,57069.87991,66810.17845,102001.3647,120244.7248,134133.9436,157929.2803,177160.1109,178103.733,current,2020
MYS,37033.88683,23991.36678,38883.09412,54783.2516,91022.03578,121964.022,153684.6131,184822.4315,203611.9917,227527.8195,current,2020
NAM,2333.07359,407.7163567,4602.873522,6338.381776,8054.728752,8782.146753,9366.356456,9831.471443,10456.2578,11441.17024,current,2020
NER,85962.8994,24110.20872,171307.0275,242130.465,285674.014,306667.3027,362801.0802,450591.5678,488003.9315,512853.2545,current,2020
NGA,543037.9271,295716.2177,577792.6465,840495.7848,1229646.313,1501429.567,1610655.077,1786452.144,1923970.662,1995162.549,current,2020
NIC,10514.02608,4790.171294,12177.02482,18725.95945,26077.18529,28063.98879,29927.46502,31590.57384,33149.20381,55637.37914,current,2020
NLD,2165.932721,0,0.319573718,252.2360473,14434.49506,43040.3999,61116.22914,91944.56239,115836.4855,136493.1612,current,2020
NOR,31.78132231,1.42336452,23.61127744,54.69298167,153.2213065,319.4053071,476.2258195,678.2079044,1196.487871,2007.629139,current,2020
NPL,44556.79357,26827.86717,62774.61175,78167.88516,100140.8244,120076.3832,137424.5556,255460.0107,270738.9612,282560.5807,current,2020
NZL,1317.525837,877.5887707,1433.86046,2204.257631,3288.641111,3767.465384,4360.164153,9999.592298,10841.57147,11564.83152,current,2020
OMN,117.3438716,39.33206891,66.41197635,201.798548,488.1301656,514.9697455,533.1758515,551.8508055,560.5958406,580.9396388,current,2020
PAK,998145.1989,407230.3999,761737.7781,1266421.432,1718287.929,1891601.522,2016921.921,2243564.039,2343815.393,2408481.426,current,2020
PAN,1394.224007,681.665279,1909.707859,2719.719417,4283.416409,5170.974509,5625.414071,6180.273272,6507.408112,6968.267645,current,2020
PER,59391.203,33533.87123,46626.8744,52780.31125,64972.5401,86759.70944,92060.52484,96415.90519,101600.7932,105381.3161,current,2020
PHL,95736.99522,44257.06299,95573.40776,198951.2672,374164.0461,489203.4228,636427.3003,866303.1461,975332.3995,1086717.031,current,2020
PNG,16463.80949,10362.37229,16312.41637,19375.97847,24664.52928,26009.55253,26927.47813,28020.46753,29255.90233,30332.56408,current,2020
POL,6712.118715,2229.663839,8509.54636,16431.15496,29647.04508,40681.16865,54930.65563,65305.3414,94360.67203,238966.4646,current,2020
PRK,45223.59663,23192.1924,46236.18397,70416.10952,126335.7624,222228.9581,286534.8232,335998.0578,369874.3865,403555.529,current,2020
PRT,1118.992051,223.9594319,1049.731755,4614.431914,6970.863171,8438.863688,9095.258518,10830.25029,11326.99613,12337.12989,current,2020
PRY,19736.76036,12749.2064,21798.68741,33615.87804,46708.009,58311.34316,70903.05099,89818.54327,96182.47189,101196.7239,current,2020
PSE,0.096271183,0,0,0,0,0,0,10.35974407,15.10166756,19.02055287,current,2020
QAT,0.235818234,0,0,0.219980684,0.268817599,1.297048636,9.7520862,10.23744047,14.7331507,15.21552316,current,2020
ROU,57231.24638,29743.01251,59005.98546,69433.27247,83882.10327,347687.7797,732751.6811,828202.7402,862075.3991,896240.4878,current,2020
RUS,108370.4,69894.71,141479.7,194670.69,288335.65,319185.21,349230.12,381445.62,406593.91,432305.46,current,2020
RWA,3173.338418,1032.266572,2202.698826,2841.889424,4102.854515,6054.23358,40772.67704,46523.53223,48929.27905,50574.03563,current,2020
SAU,426.8681584,138.4554774,204.2536556,273.7569066,373.5649321,432.8266506,691.2193419,1138.275359,1214.945269,1251.512512,current,2020
SDN,222218.6618,31702.06644,295264.1243,804012.7714,1100452.396,1322527.757,1465318.298,1615852.967,1732251.025,1787784.5,current,2020
SEN,49720.75877,23517.27657,100128.9947,140110.5038,169937.2725,188546.7275,205562.9381,233585.7367,243568.5484,252935.1602,current,2020
SLE,19020.61873,13848.41197,26700.6455,35469.434,43305.1231,47279.40681,49902.48862,53337.58772,58794.38253,60496.55106,current,2020
SLV,347.8763778,187.3123952,468.5948408,765.9919544,1299.042921,1767.287762,2461.646053,3125.702616,3289.557861,3589.982213,current,2020
SOM,49351.34928,26977.33087,52058.84656,102065.7505,217661.3268,251098.3333,297725.553,331296.5133,343541.0984,352701.7759,current,2020
SRB,19451.91492,9958.713382,26318.53687,33309.86347,61763.66255,85272.8402,132284.8115,151646.9589,167646.5128,173201.7706,current,2020
SSD,37097.43375,16377.99996,46729.13064,89739.27139,120527.5851,134453.4337,145896.4183,158397.802,165750.7095,174715.3642,current,2020
SUR,5346.394841,3567.979878,9029.559101,10553.19857,12159.01271,13237.39278,15152.05589,16431.44014,17528.43784,18340.69639,current,2020
SVK,1048.281692,123.1031281,1046.300869,3136.219986,6187.34852,8270.708501,16176.71221,20514.65228,22218.102,26655.86389,current,2020
SVN,421.1447792,15.40701183,158.2134539,1164.381675,3840.682874,5076.746957,5852.058956,6741.913292,7651.395492,8024.148812,current,2020
SWE,34.33947357,1.593462575,9.485048465,63.41535287,184.5816525,342.8965755,524.880226,1027.488714,2257.159203,5005.508543,current,2020
SWZ,51.7818213,18.29395843,83.97538457,144.3990384,198.6590948,227.8664193,246.8083257,272.2641456,313.8281895,335.9556183,current,2020
SYR,7830.768475,3072.268245,5628.416926,9981.91883,14811.76897,17170.53699,21291.22794,25088.71991,27742.54423,28334.37699,current,2020
TCD,71737.24764,44730.4078,76949.76257,107889.5243,157959.6025,177566.4348,196600.6596,219023.3165,246637.2102,253847.4722,current,2020
TGO,8321.724767,5263.102863,9976.609952,13103.62109,16896.43155,21064.01628,23033.38438,24336.56685,24900.79998,25728.36027,current,2020
THA,222204.5753,93011.35916,200227.9134,276096.1492,1022333.45,1316822.256,1663261.775,2159821.248,2279932.995,2816440.311,current,2020
TJK,2323.734246,1326.781456,2346.942729,3164.676092,3562.502475,3687.753647,3761.01684,3842.228538,3908.253522,3930.866569,current,2020
TKM,4371.345132,5828.865203,5834.259614,5837.894224,5887.97371,5920.244212,5940.895874,6218.059686,6294.536015,6418.934402,current,2020
TLS,26.87572235,0,42.92565493,126.7505471,174.0663112,196.7781328,220.0540144,258.5704713,270.8848804,274.6648227,current,2020
TUN,609.8785334,137.2069057,676.823039,1100.928447,3606.399664,5274.469117,7546.518569,8170.515705,8401.501992,9519.142459,current,2020
TUR,21182.31723,6662.069753,11232.93541,15627.63726,19127.92812,32138.63273,40038.91224,52325.28815,55153.45134,61269.85681,current,2020
TWN,295.4421138,3.876029499,106.5177559,342.4517643,1695.895214,5186.150295,7348.891159,9517.653151,11169.92903,14683.97732,current,2020
TZA,63247.21937,35070.98398,57477.14549,81134.55379,102743.5853,118225.5521,128562.5651,135042.6255,142038.3352,143524.5017,current,2020
UGA,19727.79164,12615.29016,15872.20095,20197.71928,23572.35338,26414.43921,27999.52463,29688.28671,30922.65649,31386.15615,current,2020
UKR,12635.02484,7130.042645,12318.33966,16937.48697,21442.16664,23441.63402,27035.04399,41082.58589,44414.82204,47954.93488,current,2020
URY,1401.717681,557.2947133,1204.530424,2323.830602,5585.876836,14968.32361,21959.80172,25480.25251,28309.59084,36521.59209,current,2020
USA,41963.43,19126.76,36816.99,55160.05,89535.66,109699.21,168277.59,635709.57,676718.61,725842.77,current,2020
UZB,1156.493418,161.0408731,270.6683856,1877.729393,7000.177885,12375.38858,14163.137,17817.66347,20050.7478,25755.126,current,2020
VEN,28074.11609,18319.51518,38115.48808,48542.32025,62526.10666,69534.62429,79997.51527,88143.38503,91618.14848,95161.36352,current,2020
VNM,2643727.641,1540077.45,2775044.977,3434458.018,4191426.434,4548595.43,4908575.919,5310929.366,5497963.528,5581038.283,current,2020
YEM,5536.694078,1833.337455,3210.498898,4173.066307,4750.573513,5317.878911,5674.894489,6083.778085,6786.326949,7198.711385,current,2020
ZAF,10850.28157,4797.198095,11820.52591,18482.65155,27972.77082,30389.66472,32485.71097,35000.78204,37171.72587,38969.15635,current,2020
ZMB,24130.02116,12403.38204,22565.66099,34999.38557,70005.29788,80175.60594,84943.48898,93383.58909,96754.24437,99541.35322,current,2020
ZWE,3910.286491,2482.927366,6804.886974,8500.355459,10361.9328,11234.68886,11725.36584,12400.57849,13175.08683,13633.63586,current,2020
AFG,15072.72582,3723.862408,16594.55582,23045.65742,34264.82163,56832.38076,71907.98959,78605.95533,83664.84981,89502.61913,optimistic,2100
AGO,110489.7171,51322.19335,114020.5733,305526.7884,330533.9291,346039.4348,424395.4598,465879.3594,479293.5383,483721.3864,optimistic,2100
ALB,253.8253121,118.0520152,293.7103211,576.2687349,1104.702496,1605.808104,2100.48689,3438.825133,4124.384597,4989.175022,optimistic,2100
AND,1.619073426,0,0,0,0,0,17.40605615,131.2489144,185.2534646,367.8915634,optimistic,2100
ARE,6.038713353,1.29E-05,2.05E-05,5.834021598,35.85785091,70.13221669,258.3672193,258.3672193,262.8708618,263.1090447,optimistic,2100
ARG,20714.19,7083.19,23320.72,33393.46,55927.69,95031.27,162095.24,333345.16,359729.46,368910.86,optimistic,2100
ARM,2.167222055,0,0.862397083,2.203247573,6.286457514,28.53370297,37.90356565,159.4076955,200.8706451,242.3602425,optimistic,2100
AUS,4348.9,1795.02,3887.67,6012.43,11971.67,17151.53,20294.86,29754.44,40370.27,48541.23,optimistic,2100
AUT,956.7215994,79.26347779,758.7039524,2147.515783,8354.033864,11463.88469,12652.31603,15424.43433,18017.82854,19118.1631,optimistic,2100
AZE,1859.755928,293.1364217,3785.873815,3794.49903,3795.524744,3795.916074,4624.351917,5358.4278,6455.838155,6956.568891,optimistic,2100
BDI,12166.06958,6235.846741,19386.88079,28859.43651,43528.63056,45289.99809,47056.56561,48769.66854,49824.97368,50295.60028,optimistic,2100
BEL,674.4821026,0,0,416.7277564,4687.798379,12397.63914,17202.97284,28490.21868,34951.65188,41459.52344,optimistic,2100
BEN,101781.3605,96387.19658,138499.7447,157499.2353,248235.6804,272292.0127,279030.0779,293653.5833,326412.2351,428987.7636,optimistic,2100
BFA,17180.63877,11374.35839,21751.11971,28846.35674,35265.77885,48600.67772,54669.94366,59911.66755,62760.1473,63282.17204,optimistic,2100
BGD,809852.6992,158656.9659,915415.2469,3115437.167,4220729.297,5501588.444,7372613.977,8806442.339,9089712.284,10121567.33,optimistic,2100
BGR,1556.52526,592.5329624,2205.328555,3348.042927,5904.430394,10999.80238,13224.62511,15782.79689,16990.09203,18092.67936,optimistic,2100
BIH,961.7236607,250.9905047,947.0942961,2977.780518,5509.2433,8334.042889,9657.368118,10980.71996,11668.90353,11922.87323,optimistic,2100
BLR,1029.617365,569.4515915,1022.785912,1644.023301,2666.256261,4356.262781,9538.065344,11490.44647,13693.51396,17069.36393,optimistic,2100
BLZ,241.4639255,45.79931508,214.4155209,567.5761833,1378.667659,2105.052784,3023.578452,4516.319938,6605.173694,9639.068083,optimistic,2100
BOL,29427.88763,17220.61233,29490.44797,44374.76618,58109.14181,65308.25951,70934.95643,74162.77147,75638.88141,76102.65307,optimistic,2100
BRA,621082.35,409696.68,597200.31,818541.34,1059269.38,1333831.65,1523950.31,1593344.78,1637917.91,1684126.97,optimistic,2100
BRN,858.5357393,0,501.0731864,584.402757,693.6025722,16091.18925,26703.33142,30006.36591,30121.29639,30464.23202,optimistic,2100
BTN,672.5434737,234.3100578,1162.851972,1769.524618,2644.569212,4293.097618,4673.051923,5402.690782,5667.433439,6012.086645,optimistic,2100
BWA,1765.951819,930.5725085,2254.990908,3319.887603,4695.705792,5235.427728,5616.471686,6002.558487,6465.843346,6878.206061,optimistic,2100
CAF,49968.76824,14878.15005,44027.18883,71088.32727,166381.3218,191629.0413,240544.026,251563.3813,254110.3977,258859.6076,optimistic,2100
CAN,7760.91,3178.41,7019.15,10040.98,24028.09,42231.03,56249.83,178570.67,217718.89,246631,optimistic,2100
CHE,421.3743805,0.17741105,94.08814763,823.6914866,2578.828804,6666.592175,10971.8284,12498.67301,14951.54355,15947.94395,optimistic,2100
CHL,7630.963564,3265.746747,5989.887252,7302.509615,21507.68856,31602.73175,35892.47609,37827.14052,39963.0708,40192.86431,optimistic,2100
CHN,276673.48,176450.88,303246.72,431520.18,603909.03,722765.43,894955.73,967315.54,1033899.11,1130884.29,optimistic,2100
CIV,45559.79746,21964.30997,61275.86802,120898.0232,148111.1061,161647.1152,166615.9736,173085.3547,194409.9314,246499.3166,optimistic,2100
CMR,80513.93985,46661.6277,82173.74835,118493.4582,152926.3343,207544.2804,292553.6565,306241.4086,311664.4594,333271.9989,optimistic,2100
COD,566775.5107,324765.282,501165.2007,582647.048,791906.3089,1055229.372,1190021.772,1410313.273,1442563.956,1455063.717,optimistic,2100
COG,64705.16287,38705.21236,85394.40414,124520.1148,162878.9215,185382.2849,207272.6797,297149.7574,394142.9154,410994.0613,optimistic,2100
COL,179497.2497,92855.40456,187451.7529,243589.4189,307804.7694,362311.878,405498.1335,443630.8102,463418.7464,490474.9698,optimistic,2100
CRI,1456.740742,904.0525117,1908.181423,2617.536086,3525.896402,4091.244363,4673.72339,5701.759189,6119.771433,6245.112023,optimistic,2100
CUB,275.340593,0.865035951,65.95402055,253.5971036,1462.635882,4265.451905,6911.119879,9191.255975,12692.07627,15641.8605,optimistic,2100
CYP,0.02478876,0,0,0,0,0.00552883,0.054513922,0.416039023,7.31943406,8.828443552,optimistic,2100
CZE,1439.083918,57.09985629,1023.477059,3284.22447,11096.66185,17087.73696,21060.32207,33097.67342,37611.4806,39011.04157,optimistic,2100
DEU,11468.15174,2567.139138,9404.139551,23785.34141,71519.19842,114528.0856,139898.0916,174592.7032,186337.7397,190929.6741,optimistic,2100
DJI,38.59995081,0.951591346,13.31305161,39.38413647,85.64329857,111.8550466,1351.413936,1948.152834,3412.783967,3469.563259,optimistic,2100
DNK,5.675688871,0,0,0.356325184,38.34081958,84.2003548,151.2146841,254.0991868,363.9419519,427.6241775,optimistic,2100
DOM,420.2801274,47.81514883,401.0331391,972.2778649,1941.392966,3447.165263,7778.012374,15119.43186,18764.50243,20511.23842,optimistic,2100
DZA,3101.977964,1300.169161,3435.787903,6077.077967,10681.57919,15535.49762,16153.33534,20991.68104,28216.6033,28344.44125,optimistic,2100
ECU,41242.55644,12005.07008,39039.91801,108293.1037,247715.844,318754.5069,376554.4853,500771.7619,653408.0568,780671.8514,optimistic,2100
EGY,277433.9852,46421.37049,228171.5584,636815.7878,1719073.554,2791261.808,3534198.883,4235963.575,4741327.801,4949577.541,optimistic,2100
ERI,1271.049045,597.5594356,700.5997277,969.5176788,1125.543008,1434.683051,1587.721423,1619.435108,1638.104597,1643.940299,optimistic,2100
ESH,38.461021,1.987525455,3.46397005,36.57952881,472.4342741,586.288584,598.4817603,638.9225053,663.1056145,691.3531731,optimistic,2100
ESP,1244.209028,67.80599348,818.2305554,2528.045342,6847.116277,12688.47597,17945.52092,40820.17434,60905.81377,79160.58761,optimistic,2100
EST,0.140745417,0,0,0,0.169874583,0.902554159,3.163995964,8.895273164,11.47782559,14.69041821,optimistic,2100
ETH,193437.5807,67679.8824,146996.1654,213875.9034,255045.4394,278364.2647,294760.6288,312672.4068,318584.6205,321477.9059,optimistic,2100
FIN,2.644928291,0,0.019348146,1.012085795,6.926155567,16.68889628,59.92294381,137.4323815,167.0577152,544.3478995,optimistic,2100
FRA,3926.761369,317.3118028,3091.011952,7212.242609,28525.26275,40937.36558,56457.19672,106488.7546,124200.7313,176574.2334,optimistic,2100
GAB,20358.8286,14282.51371,24254.52434,29822.2159,50292.95047,60380.40726,70604.87215,74218.10377,87514.1456,95667.70081,optimistic,2100
GBR,881.8858886,1.785306304,52.09280525,190.8140644,1433.826774,3463.931705,5897.361668,131934.4701,133867.9724,137941.5363,optimistic,2100
GEO,454.2811375,178.0045411,828.8040325,1149.448697,1413.421386,1778.227225,2511.723602,2997.335565,3615.089515,8781.059335,optimistic,2100
GHA,53245.01845,31269.54139,48115.8842,72725.95402,88030.67695,103203.5416,111734.3869,114822.4932,116563.6878,118010.6098,optimistic,2100
GIN,60268.63703,42690.50924,87395.8032,119204.7556,151732.2972,164327.8174,173558.1485,181039.3694,185291.4461,195026.7344,optimistic,2100
GMB,5606.468115,0,5716.403726,15430.92277,40243.18372,55590.70864,68541.29925,81663.29898,89661.59469,96901.95827,optimistic,2100
GNB,1064.498643,266.7322846,1307.690999,3046.571602,6142.461038,9466.696184,10985.40403,12361.91641,13111.67464,13460.06438,optimistic,2100
GNQ,2663.164683,259.4774117,4922.202416,9687.301142,13713.50361,17206.53072,19920.68256,22877.90871,25564.59274,28369.38149,optimistic,2100
GRC,34.79072113,6.7231052,39.94812516,75.54973628,153.7138649,230.6292329,344.0096305,921.8578582,1241.192142,1383.536988,optimistic,2100
GRL,0,0,0,0,0,0,0,0.3,0.55,0.86,optimistic,2100
GTM,6950.254604,2247.683754,8714.333102,12850.4817,21077.34853,57604.58053,89078.41096,101157.8728,103883.6616,108591.8922,optimistic,2100
GUF,2824.527566,1927.48548,3971.588053,6227.671928,10402.63486,14528.33223,16200.43601,21100.24232,22319.28244,22802.10035,optimistic,2100
GUY,8329.296677,6271.614644,12278.65393,16016.12777,19950.23853,23118.20051,38436.40408,55011.01641,65627.98989,99728.07592,optimistic,2100
HND,4805.103954,1856.609099,5207.327122,11468.48873,20157.41172,26378.64988,33912.34623,39205.24534,43661.47124,69073.23133,optimistic,2100
HRV,543.6140345,120.3247361,692.8784902,1510.892174,2878.623604,4995.473576,6489.412845,8663.382335,10191.13499,10817.19952,optimistic,2100
HTI,1780.374337,78.84905103,1640.764576,6431.379676,10700.62375,13387.22943,20365.09138,27082.74669,28492.4447,30377.44384,optimistic,2100
HUN,8313.46,788.8449263,3949.333612,7797.075951,24258.00887,67761.07257,309467.9767,385067.8551,420930.2171,453839.6994,optimistic,2100
IDN,1087422.605,541744.6303,791337.8594,968299.471,1127720.991,1231399.559,1312992.222,1385325.361,1426988.787,1438428.745,optimistic,2100
IND,3856206.3,1844060.74,3935626.96,5945903.66,8449622.5,9369197.49,10067298.12,10686402.47,11444919.88,11803369.02,optimistic,2100
IRL,38.03773637,0.469044432,6.851881678,42.21943233,153.8044153,288.4554631,775.3854073,1432.141385,4939.455014,5470.632629,optimistic,2100
IRN,25089.29077,10544.81215,21058.80564,34235.27905,63176.48158,116023.6049,197304.7236,306483.6622,329651.4084,348455.5931,optimistic,2100
IRQ,75989.20948,21973.72413,37967.39784,63449.2025,189117.964,303718.517,385968.7681,460070.4259,527363.0142,564506.0202,optimistic,2100
ISL,0.452267434,0.000816269,0.171708196,0.84782943,2.336738256,3.786619089,6.709973209,20.96523098,30.82706211,47.1433684,optimistic,2100
ISR,2.422971661,0.059712046,1.092385247,1.532167947,2.376962791,12.37432778,12.82369633,181.6004125,321.5390156,621.0233871,optimistic,2100
ITA,461.8365629,12.32182026,313.2695808,897.9958374,2648.106045,4574.999504,7941.545216,10889.78022,14505.7523,18968.32575,optimistic,2100
JAM,44.18953808,0,0,5.613905451,313.7709954,418.6995494,1007.847314,2711.737828,3872.710382,4259.194172,optimistic,2100
JOR,9.65688021,4.176254376,13.86574296,24.04456256,31.85977689,38.42973327,41.13980548,48.50892706,63.83906123,64.8763188,optimistic,2100
JPN,2196.210795,27.21783089,625.5862585,2029.248886,7574.871608,12410.08893,23202.52374,90891.96423,191202.7392,496965.0663,optimistic,2100
KAZ,14222.99,5394.93,15613.24,20015.06,25211.06,28234.74,31188.02,37594.64,41583.39,42862.35,optimistic,2100
KEN,103795.6116,56808.08212,108132.2029,161459.821,206889.8007,235577.1698,269753.1946,279576.1821,288656.7896,294860.0928,optimistic,2100
KGZ,27.7134922,13.34704167,20.18448611,22.79741927,25.07967432,28.90770817,35.30226263,36.39863656,36.8384214,37.23154562,optimistic,2100
KHM,476635.3177,327068.7907,585660.4258,1000264.058,1434949.833,1645833.575,1802461.686,2079235.688,2589905.864,2916560.296,optimistic,2100
KOR,5160.895967,331.9472508,2634.257824,6532.829349,15887.33303,20365.36125,34960.16767,259299.1488,707043.9462,830328.9389,optimistic,2100
KWT,0,0,0,0,0,0,0,0,0,0,optimistic,2100
LAO,175923.2338,117902.449,184786.7051,286236.1623,463085.5446,579556.0507,660919.5002,749761.2519,764266.6353,778609.4505,optimistic,2100
LBN,31.64514221,0,0,2.670914933,247.0235774,471.5289507,1053.66193,1564.814051,1671.254756,1737.231332,optimistic,2100
LBR,49182.52312,23951.32272,46087.99155,56983.6785,89947.99514,169075.8779,374035.0451,415624.4859,425174.5025,441335.1073,optimistic,2100
LBY,1440.496938,1066.588739,2143.245005,2534.813699,2833.134651,2998.550374,3174.688198,3323.34997,3430.305837,3637.088729,optimistic,2100
LIE,0.099238378,0,0,0,0,0.207458333,4.725654222,7.046860936,10.48194206,13.87053158,optimistic,2100
LKA,17120.1802,1720.687389,8666.884239,18350.51975,144706.4703,216348.0084,284753.8223,403744.5545,604674.4524,669353.0585,optimistic,2100
LSO,927.4233991,466.1335556,970.3132274,1416.371195,1975.570402,2245.802606,2377.228392,2521.051256,2583.747899,2656.427828,optimistic,2100
LTU,128.2605212,35.42050169,139.2451218,259.9163952,538.7743862,1213.972184,2076.106882,2596.606424,2917.355013,3716.265882,optimistic,2100
LUX,56.47282013,0,0,0,160.6139484,833.7748197,2333.552191,3305.786469,3539.527737,4113.375658,optimistic,2100
LVA,645.2704036,149.0483639,414.8096219,1219.958582,3425.627966,4621.753939,6980.076546,12292.3487,39952.10136,70457.39151,optimistic,2100
MAR,13211.57376,5741.110475,12075.11576,17660.18239,23737.03771,31851.59498,40588.11297,44903.04848,48490.8341,65924.96013,optimistic,2100
MDA,3849.97484,944.7243786,8590.67143,13359.83343,16774.76914,19559.84063,22406.85557,24421.56928,25887.04829,27057.55805,optimistic,2100
MDG,132889.6258,73828.49757,191619.1414,288973.0575,430439.2764,521332.5069,558160.9781,597965.414,637173.7726,654094.3131,optimistic,2100
MEX,32072.04768,16178.51107,36834.90976,64170.86121,89988.21946,115920.7248,184759.0211,285035.9277,515448.4001,693816.3125,optimistic,2100
MKD,135.8617758,54.78913432,242.3258353,364.6570859,544.7013121,662.2343271,834.4532352,1611.627623,2034.226,2371.954117,optimistic,2100
MLI,332250.9594,108424.9171,522621.7374,895108.1535,1129512.371,1195613.084,1247811.381,1285571.48,1400973.872,1452830.961,optimistic,2100
MMR,741332.1417,406136.3194,1043597.892,1632225.876,2286149.049,2936367.505,3268931.545,3650643.789,3882433.211,4252052.505,optimistic,2100
MNE,155.3313091,25.83775718,171.8128201,511.3371711,809.7803617,1128.651852,1653.450005,2101.826434,2302.991026,2319.505453,optimistic,2100
MNG,102.35,52.13,134.34,177.34,314.34,428.41,503.8,626.2,648.79,745.88,optimistic,2100
MOZ,160429.9999,95921.87892,163168.4007,259560.6052,437390.0819,539927.9009,688859.2981,774712.8145,821251.5572,841149.5124,optimistic,2100
MRT,20508.88947,3281.423907,44355.74096,70263.43278,85480.03653,97638.33547,108240.0963,116997.5893,122656.29,123930.6949,optimistic,2100
MWI,46964.82813,30704.24685,64815.75063,95844.83574,182057.76,216389.3993,238546.5919,255745.938,268197.784,283385.1773,optimistic,2100
MYS,62725.19175,38926.72754,73672.52733,94680.14115,132572.8064,163130.4669,197805.3165,237313.6653,280623.6125,317490.0343,optimistic,2100
NAM,9520.017768,4232.7167,10876.13336,24197.29305,28321.14322,31390.94397,35013.46843,39746.05133,43147.42546,43894.68213,optimistic,2100
NER,162231.983,52657.70942,349610.4188,439625.399,526361.771,590836.5107,667715.5273,729454.8989,781340.8997,833093.5738,optimistic,2100
NGA,993383.6727,521953.7632,1241509.407,1911876.514,2429274.656,2692981.861,3002602.751,3286828.772,3399616.72,3593398.062,optimistic,2100
NIC,6518.946088,3044.728787,8088.922602,11145.98471,15610.13684,20174.68553,24809.86279,29556.54463,31230.82737,34463.83345,optimistic,2100
NLD,1110.163437,0,0.398004606,4.940280536,3943.933718,17410.53421,34465.45381,57687.90982,75938.13838,125317.2245,optimistic,2100
NOR,6.746216809,3.99E-05,0.261423739,1.386183287,15.18390441,47.69863396,187.0409104,316.6084361,971.8158446,1296.898178,optimistic,2100
NPL,45272.83992,25767.19108,66300.38691,112767.8603,178030.2509,220569.3745,249826.5033,268666.6697,320711.3609,478199.6666,optimistic,2100
NZL,691.5774772,391.0121356,1049.059545,1618.888361,2190.23327,2698.051317,3127.235216,3705.991445,4290.403259,5653.153564,optimistic,2100
OMN,125.1309509,39.20570001,132.8492876,429.0586371,587.7310967,612.5547341,628.2551794,646.8987083,659.7501922,892.9902994,optimistic,2100
PAK,2638513.335,1690113.144,3043164.09,3438667.969,3768114.4,3979736.61,4163491.717,4394828.223,4501934.137,4683632.666,optimistic,2100
PAN,3527.091292,3603.618142,5812.763301,7768.838441,9510.482848,11080.18235,11577.94111,13077.59712,14607.17261,15545.88782,optimistic,2100
PER,77217.86884,44981.848,82527.64274,128713.9671,161223.6138,177943.9165,187634.157,200709.4478,223556.5788,230807.5866,optimistic,2100
PHL,135109.337,70662.82484,140545.0533,234052.425,415528.2783,591815.1456,876593.8318,1096421.541,1252777,1375457.174,optimistic,2100
PNG,31703.83568,19368.21926,31517.69661,38026.18073,42650.53538,48356.40656,51350.89345,52446.83507,53441.37083,53742.5264,optimistic,2100
POL,3787.963494,792.4169031,3391.052041,7986.532782,19168.3755,35588.19083,50223.08646,83796.34083,112761.887,150558.4065,optimistic,2100
PRK,50335.48033,23830.44269,54789.08074,81090.31809,148650.0774,180472.2232,366671.3977,499543.0754,526756.6907,570946.8062,optimistic,2100
PRT,541.9249588,6.906056514,268.9645862,1477.259798,4794.452824,6829.342722,8538.36915,9713.898044,11572.31735,12864.02237,optimistic,2100
PRY,10611.59436,6278.70219,12746.36697,20278.32388,33016.67899,43050.23884,54687.68521,67512.96555,75034.95602,80054.88745,optimistic,2100
PSE,0.084907954,0,0,0,0,0,0,0,0.483309716,54.54976599,optimistic,2100
ROU,46676.87823,19729.22151,46680.02383,61813.16153,153685.6277,340274.3803,669700.8726,860095.3094,877315.709,905697.0601,optimistic,2100
RUS,188414.36,104754.55,256250.69,391124.89,503073.69,616789.77,703340.3,778521.22,825744.16,845241.25,optimistic,2100
RWA,7423.173668,3828.090838,5694.315894,10333.67298,19043.05856,27393.30721,40140.42545,42749.4423,44344.19979,48975.66535,optimistic,2100
SAU,380.2870713,172.3915351,269.0970217,336.6887065,466.2947226,496.0972604,599.2665792,929.1687941,1051.895384,1161.599673,optimistic,2100
SDN,479242.2953,72562.95584,908782.1423,1391411.568,1896636.2,2376569.898,2610680.119,2960300.679,3117105.726,3177106.121,optimistic,2100
SEN,29962.6622,6699.78353,34631.61649,98309.20423,179289.833,201735.5167,220220.3116,240892.7473,249673.6268,266128.1341,optimistic,2100
SLE,27449.01993,16136.23778,54501.06668,68631.50859,76426.31129,82065.24934,84560.59602,86660.53786,88339.45992,92091.84099,optimistic,2100
SLV,393.2407194,156.5640605,356.0182382,708.4490384,2488.801603,3293.37269,3657.587272,4879.997825,5878.312289,5937.942574,optimistic,2100
SOM,107503.5317,61763.92477,125480.454,216674.3855,306575.5331,366684.3795,421767.3362,496530.0163,535351.4188,584927.0209,optimistic,2100
SRB,16726.55404,5819.914962,26532.27424,43783.98332,68890.26431,105305.006,128715.7345,149866.7185,157085.2719,174882.6687,optimistic,2100
SSD,216420.2248,102517.5499,224120.5812,314922.8541,495495.77,545969.5115,581819.7804,619630.4668,631158.4925,651508.1857,optimistic,2100
SUR,20514.72649,7317.045257,17032.65123,33695.43845,76886.03096,280096.518,351032.4033,373717.1717,382699.1445,389557.1774,optimistic,2100
SVK,1047.118273,30.66077678,855.900323,2803.211296,7172.734801,11110.95016,16635.29706,22815.40509,33106.03662,38548.86142,optimistic,2100
SVN,180.8950898,2.940969337,76.34575292,258.5740095,1284.371987,2695.241108,4020.560561,5885.900039,6698.818176,8205.808551,optimistic,2100
SWE,3.766996524,0,0.385865822,2.551246271,14.00927869,39.42001881,88.79739543,178.5259688,353.2390075,638.299142,optimistic,2100
SWZ,88.18519389,25.67840546,177.6428703,248.502312,328.0168192,375.1030588,413.5418035,487.7253864,505.3252507,634.3809608,optimistic,2100
SYR,3029.084254,1513.191864,3063.20593,4522.544385,6082.06211,7082.463543,8287.688501,11428.13979,15989.65366,18109.13322,optimistic,2100
TCD,130279.7414,81434.48615,168886.6307,248290.4162,385892.5595,440249.7563,476883.7027,508714.5185,525865.9683,532988.8087,optimistic,2100
TGO,15642.92792,9699.938264,23876.1171,33769.1519,39767.02094,44380.35573,47787.76631,50007.448,53048.57888,55975.32408,optimistic,2100
THA,364330.7466,140425.2162,403017.2351,805718.251,1592654.614,2177836.692,2516038.651,3182660.324,3702785.723,4583262.791,optimistic,2100
TJK,595.0637343,378.6430549,557.2601639,670.2747605,802.693676,825.729094,831.1810262,850.2794827,883.7928964,900.1520703,optimistic,2100
TKM,734.6393115,143.2097983,551.8170878,998.0216084,5828.540321,5831.625939,5858.116153,5959.787988,6001.709912,6052.304584,optimistic,2100
TLS,96.91316477,0,246.6076712,441.6596556,527.8826388,571.6791809,599.0754262,636.9063247,652.5910339,665.7581539,optimistic,2100
TUN,894.6841356,249.0823992,675.6068034,1379.697847,6637.071253,7851.747153,8751.56895,9945.594108,10448.50217,10852.25595,optimistic,2100
TUR,10938.17842,3223.615514,5592.038816,7130.841986,10099.3642,17090.60264,27549.07122,32041.8122,35711.8634,60961.73143,optimistic,2100
TWN,765.1912398,0,122.6713269,811.9473816,4448.128747,7689.747396,16999.64878,39514.13975,56706.12457,56706.12457,optimistic,2100
TZA,152696.2335,76226.65442,112997.9984,132150.5995,156902.4147,205656.3953,251205.6369,269947.6773,277909.8308,282160.1149,optimistic,2100
UGA,70075.23874,29585.43443,39489.1685,49597.01044,67226.61909,74872.38478,84305.76991,123037.9444,141473.6023,147390.4824,optimistic,2100
UKR,9539.752309,6556.601726,10215.48959,13879.36406,19910.04092,22118.34718,26934.12686,34525.40479,55981.27667,62205.26357,optimistic,2100
URY,992.741974,341.7190732,873.8789287,1521.202317,2455.319839,4186.045776,19619.38221,29713.3544,36915.28117,48815.73322,optimistic,2100
USA,69739.97,29803.88,58451.88,114646.13,277473.33,352740.59,595707.79,725842.77,891714.98,946340.03,optimistic,2100
UZB,1696.781046,919.6038303,3786.78848,3839.763405,4324.138908,4716.547618,4729.829505,5243.89382,5652.029561,5652.186657,optimistic,2100
VEN,41237.00236,33662.7355,59903.39467,77342.52997,89397.6468,102342.6161,108355.1342,117552.8429,126809.3011,137248.9922,optimistic,2100
VNM,3362733.257,2324695.793,3743563.862,5262855.134,6884572.915,7636662.737,8125968.802,8489032.539,8722019.916,8805328.323,optimistic,2100
YEM,2134.039088,951.6620394,1289.664541,1627.09849,2671.475535,4326.029275,5356.780522,6115.318325,6495.390887,7825.193861,optimistic,2100
ZAF,12130.66696,6142.088266,13573.89033,19714.06233,25912.37818,29203.48163,32266.20747,34214.63984,35363.80135,36330.06151,optimistic,2100
ZMB,53432.6191,37253.44593,67184.25242,90721.94898,103575.6895,107645.0004,110527.1129,113547.5847,117119.4825,120331.0649,optimistic,2100
ZWE,4068.031192,1782.32582,6892.465597,9737.906462,14856.61281,15799.84146,16411.62358,17407.80953,18351.96574,18711.7126,optimistic,2100
AFG,15578.60556,4920.734189,19279.66517,26536.77763,31073.44616,34450.20865,38316.44632,42539.47395,43791.37433,47468.34271,pessimistic,2100
AGO,139542.5583,76454.38119,149817.9232,285099.2741,332694.6795,370786.6797,386878.1103,397134.7005,405292.3216,423531.5469,pessimistic,2100
ALB,226.0303987,91.11348283,236.9395083,452.8553243,1149.67141,1541.533342,2180.930348,3641.695882,4285.234748,4428.722145,pessimistic,2100
AND,0.815678022,0,0,0,0,0,3.45587237,117.8300509,146.3174865,146.3174865,pessimistic,2100
ARE,258.3935846,177.9255761,269.8837378,371.9814696,906.398421,1009.908329,1314.88717,1809.609354,2955.608719,3965.822237,pessimistic,2100
ARG,41533.05,15827.56,33821.99,77058.76,147987.63,211536.1,267037.27,579310.95,596652.84,711980.68,pessimistic,2100
ARM,8.345465188,0.422638044,4.984852418,10.41839523,45.32976254,125.2485955,179.8983594,240.2644361,278.8353614,305.5670802,pessimistic,2100
AUS,3814.1,1643.92,2934.31,4133.08,6863.97,9812.19,11999.01,17268.22,125222.31,137661.2,pessimistic,2100
AUT,1142.59109,76.81175347,982.836713,2897.506908,7834.805579,11511.62792,13728.24507,32848.27087,39395.90471,42338.65039,pessimistic,2100
AZE,612.4215466,18.48126424,348.5892752,3667.549139,3697.055834,3697.770546,3715.106801,3845.80079,3895.119737,3915.715024,pessimistic,2100
BDI,16122.61673,7537.214187,21990.30218,35015.35197,42512.46393,44161.37601,45220.43786,46015.46743,46782.36356,48128.7083,pessimistic,2100
BEL,622.2091812,0,0,114.121187,3596.512368,13385.303,19343.80776,25671.22657,27749.10575,32248.35747,pessimistic,2100
BEN,131914.8826,126677.4248,161151.8472,189074.2827,230425.7205,253718.5399,265961.6313,312184.7752,346168.3894,369004.538,pessimistic,2100
BFA,56040.03196,33234.4856,64586.20559,88317.56501,125276.5029,150007.2086,163136.7853,180710.0617,192684.2915,197338.645,pessimistic,2100
BGD,1447525.364,522967.5234,1674264.242,4120859.65,8344908.127,9907702.079,10909455.39,11708259.72,12211154.5,13014051.75,pessimistic,2100
BGR,1792.554006,585.0082099,2285.765126,3603.210258,10757.64824,13461.50498,16174.80395,18419.73339,19068.96254,20007.45569,pessimistic,2100
BIH,1276.915011,241.7812879,2375.946881,4406.876762,6537.425872,7881.813922,9304.395793,10851.69614,13727.00557,13974.2329,pessimistic,2100
BLR,1418.096783,591.284565,2133.636511,3007.966223,4616.878107,7327.956457,10436.54896,12967.09557,14900.21826,16098.05114,pessimistic,2100
BLZ,227.7886351,12.53238592,225.7211223,462.3580273,1604.537334,2692.945451,3817.318212,5080.056605,5943.684902,6600.568338,pessimistic,2100
BOL,52368.08719,29915.54179,56822.93952,80646.36267,105071.1005,113358.7042,119378.8338,124838.0904,129873.554,132773.3614,pessimistic,2100
BRA,772816.22,429913.77,758157.8,944376.63,1346310.08,1518067.22,1616034.89,1730901.2,1776014.17,1806701.63,pessimistic,2100
BRN,480.0528401,0,393.0145581,530.4823403,901.3974753,2114.66616,18770.5661,30451.73917,33991.20041,40131.53268,pessimistic,2100
BTN,2511.867612,277.5115259,6071.959513,7977.734826,10857.9999,13480.53973,14822.77594,16463.3868,17699.53425,18231.51384,pessimistic,2100
BWA,2367.62319,1401.236372,3203.559853,4420.172128,6207.193559,8122.114241,9131.440602,9808.930774,12996.85165,14500.60397,pessimistic,2100
CAF,82486.8583,29729.70141,73441.88924,111259.8567,141364.8539,163604.0385,171632.0447,175433.4539,177723,196271.2776,pessimistic,2100
CAN,7666.04,2983.36,6338.29,9951.31,36737.92,50630.52,77429.2,119867.24,144214.26,160635.3,pessimistic,2100
CHE,317.1647053,0.372983918,71.35001533,695.5038356,1827.75693,3416.996515,5443.525994,11262.16833,18674.89201,24032.11445,pessimistic,2100
CHL,4617.033435,2841.468927,4004.097515,6384.020524,9459.273902,14219.92129,27114.93664,40942.99786,43938.63747,47763.3208,pessimistic,2100
CHN,252037.23,135799,271603.27,471439.52,647207.62,803297.78,912064.18,1023568.75,1070886.36,1153465.08,pessimistic,2100
CIV,52028.07952,27139.88907,67679.64529,99585.67265,151148.3255,180593.6914,194213.1615,207114.1366,256822.6358,280870.7397,pessimistic,2100
CMR,165232.8643,84108.58659,154462.4888,206211.4873,283137.6827,328490.6396,398042.4461,638249.4906,720420.2266,730653.3949,pessimistic,2100
COD,714887.1472,426139.2271,659539.715,854611.1702,1474326.768,1542040.639,1583363.96,1633547.757,1762756.495,1834202.025,pessimistic,2100
COG,67684.80225,39272.33608,95731.34561,127074.9148,156191.3649,169697.4589,179306.306,461673.1093,534433.1414,551059.1236,pessimistic,2100
COL,150253.1282,72618.39702,109550.3362,256484.6086,372295.6622,493496.1,628911.7755,758726.935,808617.487,843306.9779,pessimistic,2100
CRI,565.7504956,324.9970576,933.3209046,1370.118451,1951.515325,2497.10059,3087.444278,3538.191708,3800.984873,4026.105499,pessimistic,2100
CUB,149.0190671,0,35.77798109,159.0129573,929.4795485,2249.362304,3624.761005,5453.088813,6862.4607,9974.72393,pessimistic,2100
CYP,0.064503279,0,0,0,0,0.060594193,0.375908844,8.884869267,11.95367026,12.24085215,pessimistic,2100
CZE,850.7926449,92.80295557,1001.506258,2259.48916,5103.777674,8644.353658,11041.27454,14832.34596,17276.22594,19542.98086,pessimistic,2100
DEU,11342.05511,2443.455384,12415.53441,22584.86068,67278.70135,111486.9176,130675.894,152231.2448,167581.7162,175426.7279,pessimistic,2100
DJI,17.87105629,1.863238663,21.76455199,45.86842247,69.79586018,80.23201764,88.85428805,108.8183146,136.4306639,3493.152085,pessimistic,2100
DNK,9.904298889,0,0,2.198275892,76.21428208,120.7957562,250.8568346,523.4510185,633.3048338,866.5269645,pessimistic,2100
DOM,372.1475801,11.10517067,202.4989091,717.2860146,1691.939896,3310.145125,9568.4271,13686.07049,16573.00514,19775.69371,pessimistic,2100
DZA,888.9171096,291.1112032,1054.536004,1905.78312,2929.703594,4087.238927,5517.032659,7225.632922,13607.54157,14115.14566,pessimistic,2100
ECU,88566.26739,44079.60414,115369.3779,178237.9092,292259.4225,546236.6214,764317.8772,858853.747,910828.684,937895.2469,pessimistic,2100
EGY,703076.522,60824.80563,741824.7058,1994625.996,5466721.166,7606014.143,8506652.71,9839358.197,10803562.21,11168663.75,pessimistic,2100
ERI,1745.84053,888.1471994,1389.068444,1686.320528,2081.541278,2254.619388,2411.698755,2555.850541,2600.018963,2657.3892,pessimistic,2100
ESH,9.708292588,0,5.07E-06,1.987525162,36.57952881,252.303207,350.1310094,562.1054786,638.9225053,638.922509,pessimistic,2100
ESP,1011.980848,91.019178,600.4848467,1569.617622,5668.259632,11530.93882,17229.04343,23380.94229,33435.8715,63781.27151,pessimistic,2100
EST,0.001390714,0,0,0,0,0,0,0.000311425,0.007169809,0.094972044,pessimistic,2100
ETH,174600.636,103454.9635,187000.3446,232331.8464,309275.8468,362562.3197,407019.7006,430375.9584,436439.2165,442144.8244,pessimistic,2100
FIN,0.794556696,0,0,0,0.525491834,2.46358943,6.566450357,21.73039281,122.9087296,150.5789222,pessimistic,2100
FRA,5001.895512,354.046477,2581.771067,6911.172591,18474.41157,48939.34895,141079.6488,224821.1234,245066.7751,252768.6813,pessimistic,2100
GAB,25180.31835,17335.97835,28259.8918,40182.21057,62032.01408,86276.80087,102462.387,112951.7275,124100.9173,136260.3926,pessimistic,2100
GBR,703.7402757,3.952774269,59.40850772,227.7237158,1868.758203,4501.295989,12625.59741,58533.87805,79043.21462,91030.08535,pessimistic,2100
GEO,148.833699,23.75707338,134.0339591,314.2525862,948.7450234,1370.68344,1895.245166,2879.384072,4006.665063,4573.054375,pessimistic,2100
GHA,51481.13513,24920.99225,54972.6419,86467.9128,115725.7023,127546.7843,139790.1501,148452.3104,152422.6586,153311.4445,pessimistic,2100
GIN,85077.02451,44876.89202,120725.8453,155578.0578,192057.5153,241801.4165,305257.0168,348079.6038,366718.9254,372422.3884,pessimistic,2100
GMB,4879.240679,0,1222.819255,12781.74396,41877.885,62831.72691,83004.93697,94417.24965,109912.8954,117475.4979,pessimistic,2100
GNB,773.5855251,142.9507501,459.8100135,1655.243939,5533.275456,8848.033754,12972.56289,16880.84781,18593.07841,21468.40867,pessimistic,2100
GNQ,3530.662825,181.8240706,7022.297674,11229.44493,19004.25028,25838.11223,31340.16345,35435.80421,40988.20856,46509.30421,pessimistic,2100
GRC,32.82020848,2.519504167,30.26018259,75.52617703,156.9187027,250.7631257,465.6703362,1022.78913,1296.473079,1508.778356,pessimistic,2100
GRL,0.02,0,0,0,0,0.44,0.86,0.96,1.28,1.36,pessimistic,2100
GTM,6606.940039,1260.555778,6898.770043,14358.73367,46065.81636,62547.36347,85019.11899,95621.33524,100280.1254,103037.7124,pessimistic,2100
GUF,1680.15934,223.4789842,1541.523973,3543.83498,11271.87456,15698.5914,20767.43326,45299.10686,47829.17086,51520.31293,pessimistic,2100
GUY,2246.82276,1187.358458,2485.832756,5324.730393,7511.559128,8937.618862,13113.17923,22262.02632,23199.70538,52539.63013,pessimistic,2100
HND,2510.072918,486.454828,2882.083729,6325.48064,14370.49524,18884.53742,26567.14101,38341.63665,55844.72934,60945.8195,pessimistic,2100
HRV,585.5532223,90.49285064,687.5351282,1786.775525,3676.421833,4918.950275,6502.968823,7598.262418,8745.729986,9198.542773,pessimistic,2100
HTI,881.3208158,0,462.7052029,2020.881738,7535.636409,9937.733728,12717.15654,24656.58895,33748.93427,38182.83543,pessimistic,2100
HUN,3771.446022,545.2240343,3234.282016,7143.859596,13933.63158,24666.33632,37030.72968,174906.5181,317426.7814,348062.4277,pessimistic,2100
IDN,1213610.673,597009.2638,833954.997,1017706.174,1345969.221,1570272.319,1822328.799,2132632.456,2184694.236,2294719.592,pessimistic,2100
IND,6075105.57,2959836.01,6243258.5,12018997.67,14723259.18,15769194.52,16733532.99,17769785.81,18551092.71,18880543.56,pessimistic,2100
IRL,43.39569445,0.174149865,14.20497438,75.37598116,235.0286209,595.3294749,923.0276434,1234.10971,1826.260449,5030.643552,pessimistic,2100
IRN,57631.09296,27433.07968,49783.43726,88018.33929,197656.8759,215522.2825,260640.8506,389395.3433,412781.4989,451823.7216,pessimistic,2100
IRQ,712643.1306,814507.4296,901889.3858,971845.2155,1009364.189,1038260.815,1055877.504,1165808.312,1412459.224,1509493.607,pessimistic,2100
ISL,6.061530869,1.910167965,6.898720157,18.16760316,25.54375355,29.427907,70.23907592,87.72257111,127.4824293,137.4339986,pessimistic,2100
ISR,23.31749843,0.333589107,1.568035428,2.064603784,23.18203932,502.4260012,686.0531472,686.0539969,2972.549649,2972.549649,pessimistic,2100
ITA,301.9211976,6.796875,142.5429471,780.4349147,2401.546709,3311.172324,4809.730837,7049.868485,11232.62465,13301.80106,pessimistic,2100
JAM,37.27043122,0,0,0,248.2844354,424.791604,815.4424312,2289.671967,3642.801939,4280.57935,pessimistic,2100
JOR,21.52337349,9.32494107,40.94753974,53.1441699,59.9555698,64.81032717,68.19750568,70.94667497,79.5350391,82.17784229,pessimistic,2100
JPN,7157.27819,133.3695288,893.1258685,3392.350151,22399.70139,70322.57318,151877.3188,370203.168,710100.9836,998283.6583,pessimistic,2100
KAZ,14502.1,5532.59,12196.7,19078.83,26017.9,29640.89,32216.08,34133.05,35587.21,37228.79,pessimistic,2100
KEN,117499.1945,81039.8648,122986.2511,155655.2177,195607.1963,234081.4609,266431.2407,282550.7343,294869.0858,303153.4181,pessimistic,2100
KGZ,48.35829861,28.4737472,33.26616518,36.05447414,43.50458843,50.11080874,57.05088546,60.18340585,65.31663112,73.28815421,pessimistic,2100
KHM,739972.8497,300128.086,1495516.164,1971904.28,2248126.686,2492618.401,2745965.147,3425494.662,3684853.112,4119974.623,pessimistic,2100
KOR,5557.075008,438.8280241,2482.505002,6859.943554,15974.7554,38290.8689,57051.3284,111403.197,754166.9227,1111249.534,pessimistic,2100
KWT,0.00367784,0,0,0,0,0,0.26188228,0.289706664,0.295135902,0.516827689,pessimistic,2100
LAO,264825.1127,168674.464,415892.7596,618299.7184,743583.2744,800035.6531,835827.1761,882440.3569,892022.4924,915010.9126,pessimistic,2100
LBN,30.40822297,0,0,0,75.76167779,714.2019064,714.2019064,2097.198501,2482.788272,2602.890733,pessimistic,2100
LBR,54362.73541,30126.37251,44196.18989,52610.89003,69002.30383,79194.24706,87948.35033,97222.29972,628049.7623,650602.4147,pessimistic,2100
LBY,854.252672,496.0511645,1467.279226,1667.967224,1905.567218,2089.090153,2273.987891,2751.807712,3174.714513,3276.74194,pessimistic,2100
LIE,0.065597587,0,0,0,0,0.060355052,0.837850276,4.85473261,11.99730258,13.02669051,pessimistic,2100
LKA,19393.20332,4446.146139,19237.59968,44395.88625,118815.9173,177285.0839,222469.6047,277622.4889,565309.4986,637474.2847,pessimistic,2100
LSO,1093.871337,525.4815559,1150.767197,1680.341059,2073.999044,2394.40104,2766.624923,3008.056061,3119.554336,3245.460344,pessimistic,2100
LTU,144.7004473,34.11283447,193.0096537,397.9861426,723.327161,1041.56322,1456.67605,1919.910489,2279.151553,3348.190564,pessimistic,2100
LUX,53.53004309,0,0,0,245.5969522,814.0881147,1768.35445,3269.783668,3597.713699,3679.323797,pessimistic,2100
LVA,1240.482918,189.4371951,1070.603986,3772.433798,7317.934687,9507.759496,12877.83277,29282.59998,34946.07353,40558.53834,pessimistic,2100
MAR,6495.175832,2406.328227,9090.303687,14405.26569,18153.19444,20114.90309,23150.08174,28993.45393,40539.02094,106299.8537,pessimistic,2100
MDA,1632.913532,792.3995016,2554.07465,4572.746415,6877.553927,8088.700005,9409.015003,9968.320353,10341.14877,11170.55561,pessimistic,2100
MDG,121978.2152,72494.31388,169553.7536,236278.1737,353358.329,408084.8597,430483.1814,461488.885,481079.445,496865.6961,pessimistic,2100
MEX,31040.11213,6822.478361,29113.12006,65969.4007,129281.4475,173214.6327,298441.3376,708893.3682,973801.5858,1206795.865,pessimistic,2100
MKD,126.910993,47.47954999,191.2481852,363.1073631,619.5237767,749.8848211,1053.478021,1532.730368,2173.683444,2357.032716,pessimistic,2100
MLI,656365.6339,245299.619,870647.3074,1207456.47,1464396.04,1656811.114,1758426.856,1851811.177,1948180.284,1982410.563,pessimistic,2100
MMR,1253690.08,788108.158,1712892.283,2281709.088,3080922.68,3489304.934,4194697.645,5087494.131,5423073.401,6011222.901,pessimistic,2100
MNE,180.4342746,78.46659737,234.7210357,560.3266611,822.1803003,1168.806031,1550.324154,1994.45114,2210.436944,2363.000818,pessimistic,2100
MNG,59.7,26.83,77.71,118.32,170.66,185.35,208.83,244.33,262.98,286.87,pessimistic,2100
MOZ,181677.1129,111289.6005,227501.3758,286162.138,410845.416,596557.7178,671666.4394,840089.5021,877377.7308,906458.0031,pessimistic,2100
MRT,30429.01798,11424.27496,67761.11163,68219.14604,79972.94266,90624.75503,102396.029,113230.0436,128145.7364,128667.5488,pessimistic,2100
MWI,53794.57834,34430.94351,77396.95793,110103.525,144560.8658,168051.451,181917.3622,198405.3269,205187.8924,211930.2656,pessimistic,2100
MYS,71380.41624,47666.99363,80377.24212,103889.8072,155518.2729,194188.9141,236152.5687,292725.4436,355034.2142,501807.7661,pessimistic,2100
NAM,13598.92493,6598.643251,20910.4771,30729.55133,37197.10242,39626.30017,44869.53752,48796.1117,51394.68758,55190.53548,pessimistic,2100
NER,379892.5587,297606.0236,483635.2466,533761.013,609477.1801,758279.4145,906562.07,940925.252,954228.6144,961845.1659,pessimistic,2100
NGA,1542401.789,861306.9346,1929945.429,2402734.658,3150048.817,3675886.306,4122549.279,4538848.413,4937389.718,4957904.491,pessimistic,2100
NIC,2796.419773,1430.893708,3741.955332,6633.804684,11626.12337,14044.6694,16729.94006,24422.01364,26015.51295,28288.44238,pessimistic,2100
NLD,911.8618386,0,0.519784587,72.39268285,5109.160629,13743.76666,25160.24448,43831.07133,57488.15551,114037.6656,pessimistic,2100
NOR,1.164941921,0,0,0.019323934,0.469799289,3.008347459,14.92485464,34.10060663,137.2418656,512.7140269,pessimistic,2100
NPL,134343.794,85596.9245,216801.647,285082.645,354407.298,397162.937,501747.151,679533.658,890004.23,979589.319,pessimistic,2100
NZL,971.0826687,652.2916259,1393.71731,1787.893159,2183.769009,2662.035711,3064.157511,3863.799982,5251.667068,9741.899139,pessimistic,2100
OMN,263.427958,103.7918326,251.4856852,402.6599595,758.397415,1135.269201,1603.929929,2206.440631,2417.142622,2524.498242,pessimistic,2100
PAK,2204049.64,1104930.56,2178732.04,2763438.68,3252102.08,3453353.68,3669123.13,3868751.23,3971196.71,4030216.74,pessimistic,2100
PAN,1345.561054,456.930294,1916.089697,4386.658689,6264.528989,8143.539086,8896.506776,9515.346003,10438.52224,12923.36759,pessimistic,2100
PER,104702.1467,57244.67957,128248.756,170310.4647,252999.3125,276512.0718,289629.7383,306542.7778,311681.5774,339273.4677,pessimistic,2100
PHL,164913.6011,101424.7427,218120.842,314295.7891,432906.022,527863.2175,691210.2937,867863.35,971182.6097,1050556.19,pessimistic,2100
PNG,52343.60357,29805.13764,46782.96877,52905.34486,60004.30274,64933.30026,70163.73122,72705.05178,73687.08617,74776.24394,pessimistic,2100
POL,4435.198392,704.3117266,3565.983148,11371.64515,28169.84146,45859.38592,56829.16407,72044.23246,86488.86986,164242.0567,pessimistic,2100
PRK,58109.63624,28385.01065,59000.31693,82508.54659,135604.4503,321343.4002,412925.2433,433094.4436,439903.6565,516614.1216,pessimistic,2100
PRT,353.3400798,1.895581876,276.8874967,843.8702109,2735.773123,4762.346704,5900.927843,7564.703094,8211.082404,8380.691307,pessimistic,2100
PRY,20552.77931,12377.50843,21449.28949,32706.56857,50043.74948,63995.58863,72369.0531,87731.69921,94825.47081,99350.81131,pessimistic,2100
PSE,1.821420823,0,0,0,0,0.483309716,74.5725759,142.2540442,248.0251672,341.1601186,pessimistic,2100
ROU,46487.17339,19225.54776,40756.63449,63002.83857,166396.5698,504986.3418,717302.7275,825926.541,837369.516,943986.5482,pessimistic,2100
RUS,121852.51,71439.57,165633.21,219534.67,273508.07,316877.23,358729.44,382473.84,401766.49,425200.51,pessimistic,2100
RWA,11842.54221,4781.751382,11492.07686,17834.02003,27951.61379,40803.23314,44988.38989,52272.03523,55593.82158,57402.33725,pessimistic,2100
SAU,1337.44149,518.8992424,739.3645612,878.0994314,1047.362211,1199.445015,1487.061433,2133.153406,14995.47895,15717.99615,pessimistic,2100
SDN,1020905.923,212193.024,1661784.197,2160015.553,3076329.022,3544860.66,3738121.163,4106576.194,4284674.946,4341690.083,pessimistic,2100
SEN,26862.23852,6143.820527,32135.19472,62116.56776,156742.5739,189315.2401,224039.4245,241848.3528,271545.0663,293529.1692,pessimistic,2100
SLE,62080.05749,39704.60096,67168.62042,93445.5194,126213.5498,138555.2308,151060.3864,155338.3839,156652.581,158001.4031,pessimistic,2100
SLV,139.1985131,21.42592645,163.5693532,387.6080033,712.6704042,1211.72042,1810.356648,2655.862192,2933.389424,3105.745462,pessimistic,2100
SOM,118386.9385,67444.47631,147206.8305,253411.0433,366888.0454,399850.2399,457343.5544,510262.6237,553748.105,574575.2453,pessimistic,2100
SRB,17101.29542,5458.664991,23932.41736,52216.23798,85566.9537,104655.1073,116410.5024,142477.5569,152187.984,166902.1603,pessimistic,2100
SSD,586460.4528,258215.9763,652706.3524,775481.2493,910541.7265,970082.502,1043257.419,1088691.477,1109750.908,1119577.473,pessimistic,2100
SUR,8182.714305,835.5024014,7249.234747,16670.65352,32060.64872,94466.24163,214245.9071,235132.7099,259785.5231,286544.4489,pessimistic,2100
SVK,869.748242,29.86263844,673.3521178,2570.050326,5965.388184,9263.894375,13649.60333,18497.97735,20496.53041,23464.93282,pessimistic,2100
SVN,121.5942003,1.161997922,49.32762605,195.7561749,1003.701908,1737.966662,2208.534076,2853.616779,3407.019487,4979.505428,pessimistic,2100
SWE,0.138029309,0,0,0.001560164,0.410420895,1.139801452,2.743526015,5.986180952,9.428168908,25.57321573,pessimistic,2100
SWZ,103.7268235,18.90835911,224.7604084,286.8910622,384.6789487,447.0633752,510.3828598,585.8262178,635.0992764,687.1943213,pessimistic,2100
SYR,4639.663308,2021.041961,3243.815657,5003.772121,7395.505671,9233.746461,12294.2713,16089.15974,22690.95037,24757.52225,pessimistic,2100
TCD,627560.7345,315895.884,578534.1466,661056.2829,748291.7601,801197.0996,906208.0168,965617.5591,997561.0095,1040890.152,pessimistic,2100
TGO,21186.3646,16322.70053,29287.57982,43206.0939,55179.4618,58435.52605,64117.75114,69965.55996,73695.53892,78525.14787,pessimistic,2100
THA,647462.6115,374844.89,753083.2066,1318208.017,2205535.273,2890800.812,4158634.654,5289153.422,6016351.639,6979399.64,pessimistic,2100
TJK,1631.078453,935.0958166,3051.859298,3293.320255,3397.37603,3778.49752,4135.4136,4265.794915,4270.732732,4272.395348,pessimistic,2100
TKM,1262.79507,62.05472946,1017.762013,5827.644063,5829.287286,5832.225132,5835.183024,5846.498991,5848.08018,5848.957102,pessimistic,2100
TLS,75.56057091,1.6482987,188.9278755,370.1706634,428.3407523,450.9284693,465.0776787,481.3884757,495.4051973,501.3367486,pessimistic,2100
TUN,593.3689004,49.76880228,350.1856216,1174.151194,5087.190633,7977.788723,8857.982647,9809.778886,10920.53236,11202.73344,pessimistic,2100
TUR,17867.27353,5874.905559,8444.98249,10224.30283,13019.12,16081.098,22967.87008,59231.28721,63832.393,71413.07821,pessimistic,2100
TWN,848.1513886,0,137.9635906,693.1896704,3034.727638,9884.864872,26285.98817,38194.86759,72921.64158,72921.64158,pessimistic,2100
TZA,184656.6351,91291.58833,152624.6302,227711.6252,296191.3609,309267.6751,321647.1553,336287.3035,349345.6753,352710.9814,pessimistic,2100
UGA,102839.2601,47637.97913,71747.55097,89302.26418,114767.2616,152058.9564,213506.6214,278853.4696,286734.516,303559.3467,pessimistic,2100
UKR,7436.165198,4862.677144,8711.387391,11468.09486,14595.48617,16544.45352,17920.7749,21273.15307,22645.73144,24047.57343,pessimistic,2100
URY,3394.565636,776.9887938,2998.170088,13945.57388,14909.61298,16143.3638,23142.33963,41192.7639,56396.78711,65135.66982,pessimistic,2100
USA,79002.79,23924.98,86800.79,153233.43,287584.45,636415.76,763061.78,861645.62,899394.84,959010.25,pessimistic,2100
UZB,7558.926763,3972.242994,6685.799079,10606.17568,10626.39155,10756.87866,11028.21523,11328.83374,12235.62698,12237.02803,pessimistic,2100
VEN,15988.7674,8523.713356,20517.55371,36386.5363,54643.62495,66717.58181,76816.41922,93641.09518,102775.4215,104665.9664,pessimistic,2100
VNM,3660289.443,2264293.894,4350601.184,6809122.789,8603414.475,9314389.288,10066682.18,10727853.2,11262780.86,11459048.14,pessimistic,2100
YEM,6454.075959,2381.793089,3486.951873,4606.944775,8101.609885,10613.17832,12263.25951,12946.52699,13309.542,13557.36591,pessimistic,2100
ZAF,15791.80906,7979.708893,15738.65937,22077.89833,31085.32057,35273.14432,37460.70099,39347.15096,42040.77977,43972.17329,pessimistic,2100
ZMB,83218.95216,59151.36396,91478.66707,120496.7724,156087.3185,186822.5661,203552.0037,209916.5525,214661.9409,217501.7816,pessimistic,2100
ZWE,4365.407107,3413.243921,7191.577117,10329.37128,12182.41305,13363.39235,13979.50263,14633.77455,14909.10423,15006.91313,pessimistic,2100